UM Physics  235 Midterm 1 Winter 12 Problem 01,1,https://docs.google.com/document/d/1Zbhj96BsIuTDeDeQ87ypHrLWjgc8pqXL9MWr0iys7gQ/pub,3,5
UM Physics  235 Midterm 1 Winter 12 Problem 02,1,https://docs.google.com/document/d/1eMbdOspmiGjdF1Rbz7dcZulM9DYQOxh7NIJRCkPnh8E/pub,1,5
UM Physics  235 Midterm 1 Winter 12 Problem 03,1,https://docs.google.com/document/d/1xsKE-_9q3I_2VuR8bO1HQBtEty2AdBWMQ5pFi9cMzuM/pub,1,5
UM Physics  235 Midterm 1 Winter 12 Problem 04,1,https://docs.google.com/document/d/1zwCWA0gHayX4COM7tR6UYAYfdRqrNzFgBfcEi-dw8hc/pub,2,5
UM Physics  235 Midterm 1 Winter 12 Problem 05,1,https://docs.google.com/document/d/1c5_0cKA07xz5ITGuTUb3NriNbFKKtxs671bU_3X7mmQ/pub,3,5
UM Physics  235 Midterm 1 Winter 12 Problem 06,1,https://docs.google.com/document/d/1q-aqQ9AwtFKBWgdI3gZCN7MZ1Q1gQ2mA7mBHFnimod0/pub,4,5
UM Physics  235 Midterm 1 Winter 12 Problem 07,1,https://docs.google.com/document/d/1brAHQRNbY3SSlRLu6bZxeUAgGSZDOsiKTzjzqYLt8mw/pub,5,5
UM Physics  235 Midterm 1 Winter 12 Problem 08,1,https://docs.google.com/document/d/1RUtkszftLv-0fLMQ6cDv7m8UjJUrq7maoFjYTbFmH90/pub,3,5
UM Physics  235 Midterm 1 Winter 12 Problem 09,1,https://docs.google.com/document/d/11TddFWuff2s0P2thcJiRKDKA5NzEzH5t28T_Y9Drfko/pub,1,5
UM Physics  235 Midterm 1 Winter 12 Problem 10,1,https://docs.google.com/document/d/1awY4-ACpwyV344Qc1L44BE3BQHm5Q8Tc3Kl4rhiPIgU/pub,4,5
UM Physics  235 Midterm 1 Winter 12 Problem 11,1,https://docs.google.com/document/d/1kgeAobwPecmgLD2AfbsPQbGG0TOK7QsauD9TGgLDOnc/pub,4,5
UM Physics  235 Midterm 1 Winter 12 Problem 12,1,https://docs.google.com/document/d/1pDjBSY7ZXuDvxKiPMJqemmlhejsaCJR0Bs39d83X9ag/pub,5,5
UM Physics  235 Midterm 1 Winter 12 Problem 13,1,https://docs.google.com/document/d/1TlRYGESZPPMK4A0xLqhRQuf8v2OTAu4FEOq4_Gg3VI0/pub,5,5
UM Physics  235 Midterm 1 Winter 12 Problem 14,1,https://docs.google.com/document/d/1weLpGRYEsY5-LOuHlDTzpQktborvpQ4ckEs47bMYDKM/pub,3,5
UM Physics  235 Midterm 1 Winter 12 Problem 15,1,https://docs.google.com/document/d/1aMqmC8Fx80YJF3si_Y8tUGCQEgk7lYGeTmIsrzcjn6k/pub,3,5
UM Physics  235 Midterm 1 Winter 12 Problem 16,1,https://docs.google.com/document/d/1Yyy0IyFisKjTMKZ2qJI-e6dOJgDxIRGf_R-PiVS2trc/pub,4,5
UM Physics  235 Midterm 1 Winter 12 Problem 17,1,https://docs.google.com/document/d/15KXBAjaOXtURSowPwqO2alGTCtkYyeEOBIVdvMhiNo0/pub,2,5
UM Physics  235 Midterm 1 Winter 12 Problem 18,1,https://docs.google.com/document/d/1rOuvnxJVUjWBsVcs7btr3Qh09WDDRYNkjcMbFsID21Y/pub,3,5
UM Physics  235 Midterm 1 Winter 12 Problem 19,1,https://docs.google.com/document/d/1xUnqU_Hgmymc5oY0cU3Iz-U1Hsdb-bVWllzYLQywq0w/pub,2,5
UM Physics  235 Midterm 1 Winter 12 Problem 20,1,https://docs.google.com/document/d/1CLqTQDOxD7eqwaQfIVFH2J3Smz-PHd-MkRJFIpvaLCo/pub,1,5
UM Physics 235 Midterm 1 Fall 12 Problem 01,1,https://docs.google.com/document/d/17HlMhrVvp_m7dfGNhv3YmfG1cWRqSZfoZURrpkk3yb0/pub,4,5
UM Physics 235 Midterm 1 Fall 12 Problem 02,1,https://docs.google.com/document/d/1ecrzbvnT91YTuW5GDnnrJZ9KQ2r7gOBtcPJVNOoAJC8/pub,4,5
UM Physics 235 Midterm 1 Fall 12 Problem 03,1,https://docs.google.com/document/d/1k1XProKXoJgABdZhcmXOTLKqMK-CVcpN_M-9JfEOoFQ/pub,5,5
UM Physics 235 Midterm 1 Fall 12 Problem 04,1,https://docs.google.com/document/d/1X3YosS5YQm7Tjp8WnjBSoOZI_HC-VrPgTmBrrkhngcs/pub,3,5
UM Physics 235 Midterm 1 Fall 12 Problem 05,1,https://docs.google.com/document/d/1AkMDAKLr0JksGL03WUMZ-j94eq3KQxnntd4xvKUnN_o/pub,2,5
UM Physics 235 Midterm 1 Fall 12 Problem 06,1,https://docs.google.com/document/d/1_-8ftb1smtnPQCXIIR40z4RQDU6fNpFtHWcIzxq1v5A/pub,1,5
UM Physics 235 Midterm 1 Fall 12 Problem 07,1,https://docs.google.com/document/d/1YQuyK4LXn9tTjQoS4ipBasv3VvGZsA8JovctgAt1dOE/pub,1,5
UM Physics 235 Midterm 1 Fall 12 Problem 08,1,https://docs.google.com/document/d/1lGjsngeMPXpeH6EmkaWgKnkuiPwa_PxfZpff1Vbx9b0/pub,2,5
UM Physics 235 Midterm 1 Fall 12 Problem 09,1,https://docs.google.com/document/d/1XEouMeq74GlG_1wS7-U8dKKADY3ukRBCTJSx3NYIumI/pub,1,5
UM Physics 235 Midterm 1 Fall 12 Problem 10,1,https://docs.google.com/document/d/1Vv4CSleuLbm-zlYHDTOT7B-tK89XLfskB-X1cAkrhng/pub,2,5
UM Physics 235 Midterm 1 Fall 12 Problem 11,1,https://docs.google.com/document/d/1cUp0Axt5SvMOD1Mzoh8LhpzTYuIUV8tIoN6FaFSUWA8/pub,3,5
UM Physics 235 Midterm 1 Fall 12 Problem 12,1,https://docs.google.com/document/d/1zrQjTPrGxEmpzc_q1mfkxh01DuhfxTLFAZuPs4mhSV4/pub,3,5
UM Physics 235 Midterm 1 Fall 12 Problem 13,1,https://docs.google.com/document/d/1LhtirFNNQ3sQfg41qfbqCtQIrAf6TmPX-HG4q3VHAh4/pub,4,5
UM Physics 235 Midterm 1 Fall 12 Problem 14,1,https://docs.google.com/document/d/1oNqveLRH3lQjBwNr3sxKrL_QMKDV2Y8hDQseFrbW4D0/pub,3,5
UM Physics 235 Midterm 1 Fall 12 Problem 15,1,https://docs.google.com/document/d/154yRuBi624DyKMJH9vl635VKMmuTtc4lFitDCUKDGtU/pub,2,5
UM Physics 235 Midterm 1 Fall 12 Problem 16,1,https://docs.google.com/document/d/14dvSHDVWdjSMoshlS6CBZ7lA11CN-coOlEqojJBkbG8/pub,4,5
UM Physics 235 Midterm 1 Fall 12 Problem 17,1,https://docs.google.com/document/d/1IdUKfWQnNibLeF80NrMuvL9r4Zg9cCanVpxP31fRDGk/pub,5,5
UM Physics 235 Midterm 1 Fall 12 Problem 18,1,https://docs.google.com/document/d/16YCazEk--gSWz3qQHvr3vwMCQ9a6uc-GMoP0P6NTEro/pub,3,5
UM Physics 235 Midterm 1 Fall 12 Problem 19,1,https://docs.google.com/document/d/1gos0dCqA7ecTj-ODlSrB3YfckR6QuNuIXiYO4uJQ_Zo/pub,2,5
UM Physics 235 Midterm 1 Fall 12 Problem 20,1,https://docs.google.com/document/d/1jxwiHEGs4vwTE12c_hy2LYnTmMJO0UxCmXCr4he4czM/pub,5,5
UM Physics 235 Midterm 1 Winter 13 Problem 01,1,https://docs.google.com/document/d/1cvgz4Lu55eVV8N_HEk82cyDThjuELziSQDGP8EGjCjw/pub,2,5
UM Physics 235 Midterm 1 Winter 13 Problem 02,1,https://docs.google.com/document/d/1_GMlKqcZL7ObMqWZNGYjkh65xQaskqnN7IMIFq6zXdo/pub,3,5
UM Physics 235 Midterm 1 Winter 13 Problem 03,1,https://docs.google.com/document/d/1gFzAKYUWW5dTZYoXYemocDB2Tv8kKIWn3Zao81GV2Z4/pub,3,5
UM Physics 235 Midterm 1 Winter 13 Problem 04,1,https://docs.google.com/document/d/1flEgCnVrgyywF_YbPcDhA6tkh6A2aO_Hek8uEllJvl0/pub,3,5
UM Physics 235 Midterm 1 Winter 13 Problem 05,1,https://docs.google.com/document/d/1bxDuGv2uh8w6lI4R_JKB-12FZnc0UaLlXQkeK8ELwW8/pub,2,5
UM Physics 235 Midterm 1 Winter 13 Problem 06,1,https://docs.google.com/document/d/1VvPrExYREspIx8-hBiWeBI4xUX1QA_IC0wxTAUflorM/pub,3,5
UM Physics 235 Midterm 1 Winter 13 Problem 07,1,https://docs.google.com/document/d/1S7eOGvoGnf2huVOoVmVhpdIYXr9RhxfKsZTnvh54KUk/pub,4,5
UM Physics 235 Midterm 1 Winter 13 Problem 08,1,https://docs.google.com/document/d/1iM9R-pOxFzcj3s6nWhDk3hlTpzrZ-YBMDIM9Gj-2_kA/pub,4,5
UM Physics 235 Midterm 1 Winter 13 Problem 09,1,https://docs.google.com/document/d/1dBqZArXr1m1BqMuNJL5HDlMbiXS0KBJWXtI_LHhQ9Pg/pub,5,5
UM Physics 235 Midterm 1 Winter 13 Problem 10,1,https://docs.google.com/document/d/1qdauoHy8CGUnwXsnHDUomZQH5Vt6ALgFGD1Djl-GzoY/pub,2,5
UM Physics 235 Midterm 1 Winter 13 Problem 11,1,https://docs.google.com/document/d/1RQ_cWNAmmOlFfM4elwxgeyItcNcX-mZ-2MN2wKabZIs/pub,1,5
UM Physics 235 Midterm 1 Winter 13 Problem 12,1,https://docs.google.com/document/d/1TzAVkAjGG6J7t5aFlvTTwkrTdawkPLFxo5sQRQ-fa2A/pub,3,5
UM Physics 235 Midterm 1 Winter 13 Problem 13,1,https://docs.google.com/document/d/1sIv03aGvRedoiHtLPkdhfpYDCL9Ifad79MOtiqk33UI/pub,4,5
UM Physics 235 Midterm 1 Winter 13 Problem 14,1,https://docs.google.com/document/d/1uUb9DPmFSlpugSyq-O6i-5J-KavOmzudvcXJ9yTYIVA/pub,4,5
UM Physics 235 Midterm 1 Winter 13 Problem 15,1,https://docs.google.com/document/d/1-EXevZVm2kq-6H3t5DajY5NZNUI1O4K1qx1SS4Uw76A/pub,5,5
UM Physics 235 Midterm 1 Winter 13 Problem 16,1,https://docs.google.com/document/d/1j-uPwEB-3YPuDEaorZeUiY6cWUUwlHSrBS52KA0oQHo/pub,4,5
UM Physics 235 Midterm 1 Winter 13 Problem 17,1,https://docs.google.com/document/d/1TNQUoOdVor_dDXwisCmA4-M0Z5-Yc7TL1Gnp_wDvJDY/pub,3,5
UM Physics 235 Midterm 1 Winter 13 Problem 18,1,https://docs.google.com/document/d/1YcB3FmjMJk3NOsJTGDVfEbsF1drLhxMhDmB0qy61Rq8/pub,3,5
UM Physics 235 Midterm 1 Winter 13 Problem 19,1,https://docs.google.com/document/d/1D8t10djOaj1mPPoRQoNkVOc1_oj3yv6aQvru5PqVzkg/pub,1,5
UM Physics 235 Midterm 1 Winter 13 Problem 20,1,https://docs.google.com/document/d/1glV3vNoORRnWAzzlttO3gehIdkIj82XVZdW6ur0VxV0/pub,4,5
UM Physics 235 Midterm 2 Fall 12 Problem 01,2,https://docs.google.com/document/d/13Zs3Qgd9UtXiqYeOtrC0Azm9HyuUpr6wAO4F28SIJoQ/pub,3,5
UM Physics 235 Midterm 2 Fall 12 Problem 02,2,https://docs.google.com/document/d/1jRyH16PCHxH0bWGj5MwqjPsFj39XJ4pAt8c-gQ2591U/pub,1,5
UM Physics 235 Midterm 2 Fall 12 Problem 03,2,https://docs.google.com/document/d/1_O1bjQdKGts9ZNRdy7RF69JygdAvHJ3S2nnuH6IRIoQ/pub,5,5
UM Physics 235 Midterm 2 Fall 12 Problem 04,2,https://docs.google.com/document/d/11hCTSU09_-9i2MCN9j-BiyY68vMAILbBbccUKZACeKU/pub,1,5
UM Physics 235 Midterm 2 Fall 12 Problem 05,2,https://docs.google.com/document/d/1wLJdgH8i1kTNMCH2jthp6RLJIfKTwlTKSnm6QYa8kic/pub,5,5
UM Physics 235 Midterm 2 Fall 12 Problem 06,2,https://docs.google.com/document/d/1rFmrhPDSKN0QH3D5Drx5HF7kti2P3_dzxCflS4OHZX4/pub,1,5
UM Physics 235 Midterm 2 Fall 12 Problem 07,2,https://docs.google.com/document/d/1Mldcforg2BcV1ESldtEvQBAmZ0wlJbPW4T1fLnkUnVA/pub,4,5
UM Physics 235 Midterm 2 Fall 12 Problem 08,2,https://docs.google.com/document/d/1yHwEGDr9iARPugaeEKBUBw2ddnVG-4ss8WV7ZOIJaGQ/pub,4,5
UM Physics 235 Midterm 2 Fall 12 Problem 09,2,https://docs.google.com/document/d/1uJdwZ-q4LVx3vdpNlg9tMpKDn6IuTQNQY88kaEfSIx4/pub,3,5
UM Physics 235 Midterm 2 Fall 12 Problem 10,2,https://docs.google.com/document/d/14N4JnjUF1wDb9Z8BhbHhRY3FXDwJZ2rqdRTzTy57-BY/pub,4,5
UM Physics 235 Midterm 2 Fall 12 Problem 11,2,https://docs.google.com/document/d/1uEnYA7dEuLFx0YsX6HSAdkfGmtCfkzswAclUEP_YcUY/pub,4,5
UM Physics 235 Midterm 2 Fall 12 Problem 12,2,https://docs.google.com/document/d/11poP5N3bu97PqquH_4gLOTLGU_0RM9rTBGU3RNVlwvw/pub,2,5
UM Physics 235 Midterm 2 Fall 12 Problem 13,2,https://docs.google.com/document/d/1BIDtLrqX2ZxhrvVtpmrzMBCC2jkVsno3YERI4vxg4uM/pub,3,5
UM Physics 235 Midterm 2 Fall 12 Problem 14,2,https://docs.google.com/document/d/1sg_yv-5iVC5kk6MIQNdSeoubju7tfgpi93zonkK4f9A/pub,2,5
UM Physics 235 Midterm 2 Fall 12 Problem 15,2,https://docs.google.com/document/d/10JvTfRuQ8G8Rs4VmZuqcPVVT7x_Yz7JIqDuBP4fMlf0/pub,5,5
UM Physics 235 Midterm 2 Fall 12 Problem 16,2,https://docs.google.com/document/d/1TjljCkIQKQP97l5CL8xNx-B5bzgQY5O2pgJjQ8wRPHQ/pub,1,5
UM Physics 235 Midterm 2 Fall 12 Problem 17,2,https://docs.google.com/document/d/1mVdgUoG3yyaGyO0BR21vuvEZtWDyBKbPqZNU2GAbdH4/pub,3,5
UM Physics 235 Midterm 2 Fall 12 Problem 18,2,https://docs.google.com/document/d/11LT7KO0FOhtkOiJsgXOJrPyc4_iFnp-HxPU9Tj51Y-E/pub,2,5
UM Physics 235 Midterm 2 Fall 12 Problem 19,2,https://docs.google.com/document/d/15nrju23TT7w0tuUM6bYTE93c-dye-iHFpkp3MxC-i7g/pub,5,5
UM Physics 235 Midterm 2 Fall 12 Problem 20,2,https://docs.google.com/document/d/16eobtIwR5dvKulvHAzBDYRAFFKa2cn2FrCVH-oK90Gc/pub,4,5
UM Physics 235 Midterm 2 Winter 11 Problem 01,2,https://docs.google.com/document/d/1mc8eK6xILYy29jNqEfZoh9_Y8MKlk1_FVtc2juiDoGs/pub,3,5
UM Physics 235 Midterm 2 Winter 11 Problem 06,2,https://docs.google.com/document/d/19aI6G91y3EVxFmlEqTojQ70B0XKIB9MTOdnspj1srRQ/pub,4,5
UM Physics 235 Midterm 2 Winter 11 Problem 07,2,https://docs.google.com/document/d/1FYoTb4YOy-dneGo6LLx5wnxC6DfHBJzWEsnVxd0o4OE/pub,5,5
UM Physics 235 Midterm 2 Winter 11 Problem 08,2,https://docs.google.com/document/d/1AYhmcw2B5lB9ftrKPCJooB_cSOO3RcVCnp44hoGUg0U/pub,4,5
UM Physics 235 Midterm 2 Winter 11 Problem 09,2,https://docs.google.com/document/d/1rQSaS73LxBUF8CPxXsFUoTB51e2nVKbEfALFbB5s8Ro/pub,4,5
UM Physics 235 Midterm 2 Winter 11 Problem 10,2,https://docs.google.com/document/d/1_G-kbfZc-YYwZw5ADQvn-JEgr-TCQy_W9ODUX2QW9VA/pub,2,5
UM Physics 235 Midterm 2 Winter 11 Problem 11,2,https://docs.google.com/document/d/1iVgUIrQbOqbt2xS7gBFZSdfthabu66dTnMARJpXjfOI/pub,5,5
UM Physics 235 Midterm 2 Winter 11 Problem 12,2,https://docs.google.com/document/d/1-5zut8CwCSELeNhd9vh25kwl-aWSTKrteeiG9S3LI_k/pub,5,5
UM Physics 235 Midterm 2 Winter 12 Problem 01,2,https://docs.google.com/document/d/1LdQZVQ1cVINHkEkqxhNSqpU0eTeBZQLHAhuIAi7JMKc/pub,5,5
UM Physics 235 Midterm 2 Winter 12 Problem 02,2,https://docs.google.com/document/d/1V45dw4JiNQRvxyMWIYm0TQPhzAHkRmUz1n81ElDqfuU/pub,4,5
UM Physics 235 Midterm 2 Winter 12 Problem 03,2,https://docs.google.com/document/d/15-4zrH-cyT_EJthoV_Tj1bemPjD0DMu1K_tUiXiscr8/pub,5,5
UM Physics 235 Midterm 2 Winter 12 Problem 04,2,https://docs.google.com/document/d/1VNEJYsaZDFvK2poi4Rj8LfclGDjytT-FeN1K33kjgfs/pub,3,5
UM Physics 235 Midterm 2 Winter 12 Problem 05,2,https://docs.google.com/document/d/1XRAy0LlOWXdEMgFv54QMk5ZrL2mhob0qTMor5472tcw/pub,2,5
UM Physics 235 Midterm 2 Winter 12 Problem 06,2,https://docs.google.com/document/d/1WEi7tYdZ92ueaFNdOhMm7DCYBA69eLS_6xzJabui7gc/pub,2,5
UM Physics 235 Midterm 2 Winter 12 Problem 07,2,https://docs.google.com/document/d/1XMi9rjJ-riOmWZMp6XORQi-IfExzJbMyGca9NzXu8U0/pub,1,5
UM Physics 235 Midterm 2 Winter 12 Problem 08,2,https://docs.google.com/document/d/13uuGbkt5MRqIq473u_nERdgp1YpPxSM7ToAzs35EkYk/pub,5,5
UM Physics 235 Midterm 2 Winter 12 Problem 09,2,https://docs.google.com/document/d/1-NFBjTiTVAQv3Ae1LLlKTHDqKy_c5gXmHdkDsusbbNI/pub,2,5
UM Physics 235 Midterm 2 Winter 12 Problem 10,2,https://docs.google.com/document/d/1NYgUoQ4-knc-rziMo2JHsT9l2iQbX6sViwO38vOaAxk/pub,4,5
UM Physics 235 Midterm 2 Winter 12 Problem 11,2,https://docs.google.com/document/d/16mbJVNntLC8cSMwCqlxtY6mJKRGUu9K4GIycy7oL1Sk/pub,3,5
UM Physics 235 Midterm 2 Winter 12 Problem 12,2,https://docs.google.com/document/d/1GE_7CQKG4lRu6ujPCI177fb2qyGJ5IaUODMlj-Zxyz8/pub,2,5
UM Physics 235 Midterm 2 Winter 12 Problem 13,2,https://docs.google.com/document/d/1Eupi6vTmVHMbA3YUfV0dRTJJtEJwixFgg1xwFPmnJ_M/pub,3,5
UM Physics 235 Midterm 2 Winter 12 Problem 14,2,https://docs.google.com/document/d/1e_LEt6xkLxCxS41dUQpBm4IQSp9OxX863NKzQUD_kMs/pub,4,5
UM Physics 235 Midterm 2 Winter 12 Problem 15,2,https://docs.google.com/document/d/1Qi3qQwhrGNGmchGvca9vnKb-02inoCeF9hXRQaFaKbM/pub,5,5
UM Physics 235 Midterm 2 Winter 12 Problem 16,2,https://docs.google.com/document/d/14iqS6WUBTc2Bq_m4CHE6uhErLx_3ncR2SUQNLp1tMJE/pub,1,5
UM Physics 235 Midterm 2 Winter 12 Problem 17,2,https://docs.google.com/document/d/1wgHwxqGGTUvCcfc2GrhCJlbVBH4G9kySzx1pn9n3T5A/pub,3,5
UM Physics 235 Midterm 2 Winter 12 Problem 18,2,https://docs.google.com/document/d/1Bf08J557cefsYNbkMP_P6om173Vlp_G2tLmV6Ev1osY/pub,5,5
UM Physics 235 Midterm 2 Winter 12 Problem 19,2,https://docs.google.com/document/d/1MkNCjPj50077MjnwqsUkxxZiLJDV6FGqwq638YCGS7U/pub,1,5
UM Physics 235 Midterm 2 Winter 12 Problem 20,2,https://docs.google.com/document/d/1kDGJPpRo_I1vS0jQdsbou9eBQlwi2gB9mPlGaDMcxlY/pub,2,5
UM Physics 235 Midterm 2 Winter 13 Problem 01,2,https://docs.google.com/document/d/1TFRGeDOuAoEK-7AnGGYv_YQYrJOi3z8PuQsQ10n8V0I/pub,2,5
UM Physics 235 Midterm 2 Winter 13 Problem 02,2,https://docs.google.com/document/d/10X9OQdpYBw6ObKng3Pg9cJqJWzhL1Ab_zH7ctmS5iMs/pub,2,5
UM Physics 235 Midterm 2 Winter 13 Problem 03,2,https://docs.google.com/document/d/1J9Z85YP3ygEGtxqV5M1OGU9xlmtKCa2il1ALqyuE_iI/pub,2,5
UM Physics 235 Midterm 2 Winter 13 Problem 04,2,https://docs.google.com/document/d/1tDnuyN91cobvDv9JR0E3-2vhl_6jzk7tNPP7jRoR-vw/pub,4,5
UM Physics 235 Midterm 2 Winter 13 Problem 05,2,https://docs.google.com/document/d/1F56dw4AGjOQ_sdqlnnlbqvsAbG6U4LvyDXQz-6pmNVM/pub,4,5
UM Physics 235 Midterm 2 Winter 13 Problem 06,2,https://docs.google.com/document/d/1gkzP2aeZPgkmOl-ZGhbTYC67BKuE4d-KM_fnPftcX_4/pub,1,5
UM Physics 235 Midterm 2 Winter 13 Problem 07,2,https://docs.google.com/document/d/1gggLjhY-IfUIL-Y5t_gpAB8opyYke-KHPF0Ru0sscyg/pub,4,5
UM Physics 235 Midterm 2 Winter 13 Problem 08,2,https://docs.google.com/document/d/1NqKc6i2To505ELJrdiQOdwct_rizAiAMuIms7E3YmGg/pub,5,5
UM Physics 235 Midterm 2 Winter 13 Problem 09,2,https://docs.google.com/document/d/1xjTo4UzYRoMHnqJJJnKh07x1wRvZNB8GCJeb6kCRIng/pub,1,5
UM Physics 235 Midterm 2 Winter 13 Problem 10,2,https://docs.google.com/document/d/1ZZNwk5JnCrDUeYsQc3pDW4pCcFc-bIWHoALs1kBA2Zs/pub,2,5
UM Physics 235 Midterm 2 Winter 13 Problem 11,2,https://docs.google.com/document/d/1fxcMKy1w9iysBlUtryl5vP318kDG9zOdtfodnZu30uM/pub,3,5
UM Physics 235 Midterm 2 Winter 13 Problem 12,2,https://docs.google.com/document/d/1YWF3UhownDJpth09SlY2F2-sSX_kFM5cSUhzScLv5vc/pub,5,5
UM Physics 235 Midterm 2 Winter 13 Problem 13,2,https://docs.google.com/document/d/1PVINkRB2OrLv4hJP1qJI2iFQTbIcHVg-S51HVrZxdgA/pub,5,5
UM Physics 235 Midterm 2 Winter 13 Problem 14,2,https://docs.google.com/document/d/1ZZq96-9Yozv4DGvkEN7EH66fR9Xw5cK_OKNSDmQuEAk/pub,1,5
UM Physics 235 Midterm 2 Winter 13 Problem 15,2,https://docs.google.com/document/d/1Xg3_VnAzgFFHWYdJwI19vWvcO38zkPnBvG-VnYFnRqw/pub,3,5
UM Physics 235 Midterm 2 Winter 13 Problem 16,2,https://docs.google.com/document/d/1uPtoTVtessYQ2Jw9z8e_evnywimwCf8QRvoXju9x9Lo/pub,3,5
UM Physics 235 Midterm 2 Winter 13 Problem 17,2,https://docs.google.com/document/d/1ilDqlSuvIjp-zZfKmOflHIOHkiLDrWR5tP0A9Rw50Jo/pub,2,5
UM Physics 235 Midterm 2 Winter 13 Problem 18,2,https://docs.google.com/document/d/1tux8dSzJdKmMXyBJHCZkc_Y7YsSuRAmNCCRbT3oLl0Q/pub,5,5
UM Physics 235 Midterm 2 Winter 13 Problem 19,2,https://docs.google.com/document/d/1KbGJ0p0q81Rf9W3wPzfRIuwIesAAsUlRs-xK5Gh_FQ8/pub,3,5
UM Physics 235 Midterm 2 Winter 13 Problem 20,2,https://docs.google.com/document/d/1kVcsyE4gEgzRWkmYQqrvZIJ82N4mxxWpJ9Z-7CCSps0/pub,1,5
UM Phyiscs 235 Midterm 3 Winter 11 Problem 05,3,https://docs.google.com/document/d/1jnQqBrAhuUSmCW8Glzvcz8Tw3aYmqTNUUORKh7dd2ug/pub,3,5
UM Physics 235 Midterm 3 Fall 12 Problem 01,3,https://docs.google.com/document/d/13BjkSIbu-z5ZYqVzeX1Lutfh1y9Zlib6VR92gj7ohlE/pub,4,5
UM Physics 235 Midterm 3 Fall 12 Problem 02,3,https://docs.google.com/document/d/1na11FagZdjqNnbjXLpL9027xJS1y_7xImMBxLAqzKwU/pub,4,5
UM Physics 235 Midterm 3 Fall 12 Problem 03,3,https://docs.google.com/document/d/1LWv2qmNfwA_T-ELdjCDd4StDUxwe6L90l7Y8rGjvuL8/pub,3,5
UM Physics 235 Midterm 3 Fall 12 Problem 04,3,https://docs.google.com/document/d/1ylqcUpSg00YFfdCRGRt4eMaOxVkcnylPjep1UobJ1H4/pub,5,5
UM Physics 235 Midterm 3 Fall 12 Problem 05,3,https://docs.google.com/document/d/1rfl0sUBPvwuCNnaelalDXcS8UNPGMvKiduk0F7ZffJ4/pub,4,5
UM Physics 235 Midterm 3 Fall 12 Problem 06,3,https://docs.google.com/document/d/1llRAHo8z8MRYn_EoNlb5C7Dk4lKcpe-Iivdvf9dB4bM/pub,1,5
UM Physics 235 Midterm 3 Fall 12 Problem 07,3,https://docs.google.com/document/d/1cW4p-t0iLz-MRF98Y5PJxE7vJ6Qxy9F6xyCRYZGMP1w/pub,4,5
UM Physics 235 Midterm 3 Fall 12 Problem 08,3,https://docs.google.com/document/d/1Y8ZgUZW1tUHP8fBUTZlsDGqrhv-vTh1qhuludNVvCC0/pub,3,5
UM Physics 235 Midterm 3 Fall 12 Problem 09,3,https://docs.google.com/document/d/1oK03wApEZfywPMTTx6WQJiDM4W9tDA3-28bDcgQRgRA/pub,2,5
UM Physics 235 Midterm 3 Fall 12 Problem 10,3,https://docs.google.com/document/d/1pENl8LNYiZ91RPr7PCzIOV1npNNH9L_Z8QanwgLaxwE/pub,3,5
UM Physics 235 Midterm 3 Fall 12 Problem 11,3,https://docs.google.com/document/d/14-JwGYB9XXj6DtBJ7GH5v4pM_CWDlHsVVuYr2DgKWS0/pub,1,5
UM Physics 235 Midterm 3 Fall 12 Problem 12,3,https://docs.google.com/document/d/1g5EJd8vj8E4p7tAyW6j_XXvMjxWtyic_9mgkd2GDHzw/pub,2,5
UM Physics 235 Midterm 3 Fall 12 Problem 13,3,https://docs.google.com/document/d/1AsJfZfPYLrYeVh0UmM4mVqPJCzMGPHfdYpZwPvdqDj4/pub,1,5
UM Physics 235 Midterm 3 Fall 12 Problem 14,3,https://docs.google.com/document/d/1QXX9kC4Ge5_HLxKbPmzswkKOT6dsFv2GPIK5P0DcNrk/pub,5,5
UM Physics 235 Midterm 3 Fall 12 Problem 15,3,https://docs.google.com/document/d/1KAtzgdIeUaLUNXs0dID9ItxkqEdR5kfpALML1UCMZc0/pub,5,5
UM Physics 235 Midterm 3 Fall 12 Problem 16,3,https://docs.google.com/document/d/13zlWghHyebHni8u5Avj51ACTUt50Jq5xBf37nZGIK8E/pub,2,5
UM Physics 235 Midterm 3 Fall 12 Problem 17,3,https://docs.google.com/document/d/1aeila1eQgdycVpE6lrMvA1uZem1WkvTWzg_Wh5HJyrA/pub,4,5
UM Physics 235 Midterm 3 Fall 12 Problem 18,3,https://docs.google.com/document/d/1gfBnfcAkRSCkIDYjaZPPM0wCI9Qhgj22luGbYo3T4zA/pub,1,5
UM Physics 235 Midterm 3 Fall 12 Problem 19,3,https://docs.google.com/document/d/1-23kSUh4gHJRBUfL86Mf9DQ975yHYm3209k5ajZQ0-A/pub,5,5
UM Physics 235 Midterm 3 Fall 12 Problem 20,3,https://docs.google.com/document/d/1qGJqPBuXpNTFe8awK4F0EXZ50ASEzFQCtSoW9AqrZnU/pub,4,5
UM Physics 235 Midterm 3 Winter 12 Problem 01,3,https://docs.google.com/document/d/1nd3GTQGGd5FRtBU2RaJBlNf_1z8c2qx5jvsx2SCQZ-Q/pub,3,5
UM Physics 235 Midterm 3 Winter 12 Problem 02,3,https://docs.google.com/document/d/1HIceg6ZMMHlKJ9s2COQjaFihD0rzeZtd-K29YMLJivw/pub,3,5
UM Physics 235 Midterm 3 Winter 12 Problem 03,3,https://docs.google.com/document/d/1y24ocQ-a_RR8M6yW2QM3Txnkd7XxEEIrAtw0OrsjMY4/pub,2,5
UM Physics 235 Midterm 3 Winter 12 Problem 04,3,https://docs.google.com/document/d/1QH0_4NR3NGatZybFQXCs4Tni76usD6Pw6X7LHWeeMnc/pub,4,5
UM Physics 235 Midterm 3 Winter 12 Problem 05,3,https://docs.google.com/document/d/1BXLLOtXdXnfXz-GR7upXwUKrQz5A1VSWJU6IbL5jfv4/pub,5,5
UM Physics 235 Midterm 3 Winter 12 Problem 06,3,https://docs.google.com/document/d/1rpFyaONTTdQLHyp10DOcMr7NlpAOibuTKujtDsgyAGo/pub,5,5
UM Physics 235 Midterm 3 Winter 12 Problem 07,3,https://docs.google.com/document/d/1ytHBnTLsCluUAWlcFVg0oN38EmzbWSeMhZI_6bv8cHE/pub,2,5
UM Physics 235 Midterm 3 Winter 12 Problem 08,3,https://docs.google.com/document/d/10nPf8JuJqpR8HAYePrGygFFKzF5z53Y52F-DEhq-d0Q/pub,2,5
UM Physics 235 Midterm 3 Winter 12 Problem 09,3,https://docs.google.com/document/d/19S0OFTI6hwfVAsIKSQ_3YXrVFZKsQDE82uaGQWMCubk/pub,3,5
UM Physics 235 Midterm 3 Winter 12 Problem 10,3,https://docs.google.com/document/d/1TVhMWvhW3dMZDh9GyfSXvNa5UOOxnbDF98n7YJTZCGo/pub,4,5
UM Physics 235 Midterm 3 Winter 12 Problem 11,3,https://docs.google.com/document/d/1aGWiXcVwJ09cT1b1awX4MBNDS2LCVp_bycjfdJmXlpU/pub,1,5
UM Physics 235 Midterm 3 Winter 12 Problem 12,3,https://docs.google.com/document/d/1oaatSOirrJJGOxrExN9_O7TwZaXC-M0DACZTNxcexJ4/pub,1,5
UM Physics 235 Midterm 3 Winter 12 Problem 13,3,https://docs.google.com/document/d/1EuzXdV57oK-EjFiYC61wI4c4Y8umhzieXjMVObCS_uA/pub,4,5
UM Physics 235 Midterm 3 Winter 12 Problem 14,3,https://docs.google.com/document/d/1wGjWSIuy71rUNmpaz5zNFb1zc5cWkFZNqGPYJbacdGs/pub,1,5
UM Physics 235 Midterm 3 Winter 12 Problem 15,3,https://docs.google.com/document/d/193xnCE6ojdIXb4YiZBBHh1XgnwOA6X34vVzrtvHd0Ng/pub,3,5
UM Physics 235 Midterm 3 Winter 12 Problem 16,3,https://docs.google.com/document/d/1tA8vqybvbKRUazArotnUSC6JfK0ogrpgk4_G70FVIfs/pub,3,5
UM Physics 235 Midterm 3 Winter 12 Problem 17,3,https://docs.google.com/document/d/1Xxhw9aZxTMLU7-WhSbhz5EqlHzMZbSVLFH-1hs5vwpo/pub,5,5
UM Physics 235 Midterm 3 Winter 12 Problem 18,3,https://docs.google.com/document/d/1HEazHgzKk2zm-U33L-ZFplokU8QlXC06w7tCUfOtFqs/pub,4,5
UM Physics 235 Midterm 3 Winter 12 Problem 19,3,https://docs.google.com/document/d/1_dG5SXs0kSW0XUFPDoS9vk5vdK543EJQyHW4JijNYtg/pub,3,5
UM Physics 235 Midterm 3 Winter 12 Problem 20,3,https://docs.google.com/document/d/1jcIeNtkUIHfEraNYCu_NQGxtppBCVcpxf2huUdJGK08/pub,1,5
UM Physics 235 Midterm 3 Winter 13 Problem 01,3,https://docs.google.com/document/d/1UfV5Tcr_LbwJUKuf_xtogwBe5xAzaUJ7jp03NIAjL74/pub,2,5
UM Physics 235 Midterm 3 Winter 13 Problem 02,3,https://docs.google.com/document/d/1VuivG7sWY3hX_O5m_uGMzONmxPgyLAivgO_ERei6oJ8/pub,4,5
UM Physics 235 Midterm 3 Winter 13 Problem 03,3,https://docs.google.com/document/d/1JNsVfl0_fYPFhBE6TAanuShcGlllN7fGSiS2ngnLeQ0/pub,5,5
UM Physics 235 Midterm 3 Winter 13 Problem 04,3,https://docs.google.com/document/d/1yo3T2y4JNryiCOu3VtWpxAaKT7vY9hClcPUIJOTBJuc/pub,5,5
UM Physics 235 Midterm 3 Winter 13 Problem 05,3,https://docs.google.com/document/d/1cnra47c9QrAEjv-RV15TrvNuZyPmtJLERyXKbMABwSE/pub,3,5
UM Physics 235 Midterm 3 Winter 13 Problem 06,3,https://docs.google.com/document/d/1S33Rv8nGfawtiA-FslZKTZvmxY9g2BJLI5wqYtiuD2A/pub,1,5
UM Physics 235 Midterm 3 Winter 13 Problem 07,3,https://docs.google.com/document/d/1UOy05-CNjASwILhbUywR20FoQJbDTvHL7FJCobMp9PQ/pub,2,5
UM Physics 235 Midterm 3 Winter 13 Problem 08,3,https://docs.google.com/document/d/1cemNsCZ3S0Mn4vzqtMPj35YEHm423zbipeY_Y7BIsvY/pub,2,5
UM Physics 235 Midterm 3 Winter 13 Problem 09,3,https://docs.google.com/document/d/1n-EIWGyQ0pykvYimG541wwTykS2y-kFUCWyt5yBk9_k/pub,4,5
UM Physics 235 Midterm 3 Winter 13 Problem 10,3,https://docs.google.com/document/d/13JrcCN0KGRv9MUAQuwUC6LGR2q9xm4XowA4qSi9KCsw/pub,4,5
UM Physics 235 Midterm 3 Winter 13 Problem 11,3,https://docs.google.com/document/d/1MmKQFcGoHRoGukDrEe2CbA1I8Ik_pkgNxdwniDgrGPw/pub,2,5
UM Physics 235 Midterm 3 Winter 13 Problem 12,3,https://docs.google.com/document/d/13f-rcuaUZMjxfjymG00qVOIc3fIctyB47TabFcohsZs/pub,3,5
UM Physics 235 Midterm 3 Winter 13 Problem 13,3,https://docs.google.com/document/d/160S_B7KUvW6ifsx-uqeCEwEXmiC3l7AHXsLpEjycnZg/pub,2,5
UM Physics 235 Midterm 3 Winter 13 Problem 14,3,https://docs.google.com/document/d/1kUOGS05Hk_pxgo6jNiDM7G_39z1DNkSA-zsjODy4C0Q/pub,3,5
UM Physics 235 Midterm 3 Winter 13 Problem 15,3,https://docs.google.com/document/d/1RJPscmHajejNVLhcqunbt2BL2HRXDg3Sx2-6eo_8iJk/pub,1,5
UM Physics 235 Midterm 3 Winter 13 Problem 16,3,https://docs.google.com/document/d/1g75qgzM7nCCraSNmEXHEsEtET4l3lr8IZ_LwBhoGv3U/pub,5,5
UM Physics 235 Midterm 3 Winter 13 Problem 17,3,https://docs.google.com/document/d/1cwszVmS2avUx1JDyvkUA7YauWlqaakALUpdd-5yM5VA/pub,2,5
UM Physics 235 Midterm 3 Winter 13 Problem 18,3,https://docs.google.com/document/d/1XsEeRPdkDJKbhyJHo5gs2Y047erVvRPlY5qcivyguJ4/pub,3,5
UM Physics 235 Midterm 3 Winter 13 Problem 19,3,https://docs.google.com/document/d/1pU8gP_YFwPznfmwEgWK00gCLLUvkpceEKK9rJlOT1EI/pub,5,5
UM Physics 235 Midterm 3 Winter 13 Problem 20,3,https://docs.google.com/document/d/1BthRLwMhLKgrxKFFKRogujiMmI5vLG4MrikUHQ1EhMY/pub,2,5
UM Physics 235 Final Fall 12 Problem 01,4,https://docs.google.com/document/d/1dtFxFAHgPRI5s_tUdbr8aFoaxpXR1p7V2MCBctUF5cM/pub,3,5
UM Physics 235 Final Fall 12 Problem 02,4,https://docs.google.com/document/d/1pXv5xZczIEEX30TCGWTNxmKVTBKWwN44hjrjyxF9MJc/pub,2,5
UM Physics 235 Final Fall 12 Problem 03,4,https://docs.google.com/document/d/1acGb3_di8anvmaLJyBmD8uoT3xU4K6CZ3RN_QL6DNbw/pub,4,5
UM Physics 235 Final Fall 12 Problem 04,4,https://docs.google.com/document/d/1QsRtIRjWEot9iRMYHGxhTDi7W5q3nrJhgy4RvVK05PY/pub,3,5
UM Physics 235 Final Fall 12 Problem 05,4,https://docs.google.com/document/d/1bB04jdzDqxXqM6RPBmJudEQ1WzRG4TJqmdZS426hrTg/pub,4,5
UM Physics 235 Final Fall 12 Problem 06,4,https://docs.google.com/document/d/1pmmfUURD3M_kiMS6b7xYFrByYouZxYsQcWBY5RjnEx0/pub,3,5
UM Physics 235 Final Fall 12 Problem 07,4,https://docs.google.com/document/d/1yDpbpZLDqCIZihUvV3rwuQb4Olsi4YQ150aJyrKZpBI/pub,3,5
UM Physics 235 Final Fall 12 Problem 08,4,https://docs.google.com/document/d/1jOJ0ufdJo9aPzvZTxL2vBH1TAPEbeyWRAo6YJNCmJ0g/pub,5,5
UM Physics 235 Final Fall 12 Problem 09,4,https://docs.google.com/document/d/117oJ6jBrHDWU5AcQDBXzMj5xUfowBxrk_vdHft-D_gU/pub,4,5
UM Physics 235 Final Fall 12 Problem 10,4,https://docs.google.com/document/d/17qZvx5Q4_0UvTMzUfGEYJ5X3ZTYf3ptK3n4EJaXBsH8/pub,2,5
UM Physics 235 Final Fall 12 Problem 11,4,https://docs.google.com/document/d/16AJcnjXZFIoK7KdLXXUNtjyf-gytUa3DVNylecQ4Ub8/pub,3,5
UM Physics 235 Final Fall 12 Problem 12,4,https://docs.google.com/document/d/1UrrsCdBQ7y6GUPAYFaWrRsWsuVlvyEKY84mMRU2Ew5U/pub,5,5
UM Physics 235 Final Fall 12 Problem 13,4,https://docs.google.com/document/d/1312HcCeRZgw7QmUTVDuO_IKj3K3ZD0a3O9v9giMcMCU/pub,2,5
UM Physics 235 Final Fall 12 Problem 14,4,https://docs.google.com/document/d/1XxRWNmm_IPCZsRB-2BIawi-Knsxu7R3ZtlyLFJcg8QY/pub,4,5
UM Physics 235 Final Fall 12 Problem 15,4,https://docs.google.com/document/d/1styrNr1vqYy3jkKtADlkpBjt6nbcuiAjqOYpvVdbuqA/pub,4,5
UM Physics 235 Final Fall 12 Problem 16,4,https://docs.google.com/document/d/1UkK4NDbejzFJ5KcWYHzjXKGSI272HDuRQNpV4F3N9V0/pub,2,5
UM Physics 235 Final Fall 12 Problem 17,4,https://docs.google.com/document/d/1lgh_rsnIecq5fJfM7B8giocmGBYbOA93EN0TbZARbLc/pub,3,5
UM Physics 235 Final Fall 12 Problem 18,4,https://docs.google.com/document/d/1QE4AsCM3WDnOxi2ZWi7LtJ7XAwNHWn-BhGIPmNB3nQk/pub,3,5
UM Physics 235 Final Fall 12 Problem 19,4,https://docs.google.com/document/d/1k08977Kvy2wsXyOdrPC0OsbEkaqpvlqDQBOS28gNweU/pub,3,5
UM Physics 235 Final Fall 12 Problem 20,4,https://docs.google.com/document/d/1_NQatFEuIOjOn1c1STIsTjlsA4N6OLdEP6ejTdVhn-I/pub,1,5
UM Physics 235 Final Fall 12 Problem 21,4,https://docs.google.com/document/d/1mVhJGjk6CXykuNT_8OMw3MQC2fw9m7oFjTwhZTHL7rk/pub,2,5
UM Physics 235 Final Fall 12 Problem 22,4,https://docs.google.com/document/d/1_6nq60LDEC6atNyqIUSw6jt8gr7Yuq361iTZHq-d33U/pub,5,5
UM Physics 235 Final Fall 12 Problem 23,4,https://docs.google.com/document/d/1ohtJXXUJpthFdg9ZIi2JDsM0IC4QnXN5wAKGNiugH8w/pub,4,5
UM Physics 235 Final Fall 12 Problem 24,4,https://docs.google.com/document/d/1C2VsjVhvF-ykd8mJDukCLcyP7cFdM55T1mdKZw72m-A/pub,1,5
UM Physics 235 Final Fall 12 Problem 25,4,https://docs.google.com/document/d/1ZX4xmpUFJUCdBviLvXOnsLUt3JNC55VY9zSmS4i-z3Y/pub,5,5
UM Physics 235 Final Winter 12 Problem 01,4,https://docs.google.com/document/d/1WxFgDfSNOpY5IeHw9bVIvYyYaVF8cajONtqtDZMe3D8/pub,2,5
UM Physics 235 Final Winter 12 Problem 02,4,https://docs.google.com/document/d/1iDJ6RP5niRXZTXgsGHByis5xK00SMAw0NLvLYr_7eYA/pub,3,5
UM Physics 235 Final Winter 12 Problem 03,4,https://docs.google.com/document/d/1IaOhf5pSOJLbbMPYcd3Oylkp7ptFX78gkujEDH_LnyI/pub,1,5
UM Physics 235 Final Winter 12 Problem 04,4,https://docs.google.com/document/d/10Qxuv6KM8fPA5NLcXGtCItWupdMt8e7uV1V82rqX1Wk/pub,3,5
UM Physics 235 Final Winter 12 Problem 05,4,https://docs.google.com/document/d/1e5UYeTRqtR-MQEB2ef8AQkaWv3wH_05tIleQ9WZz8-s/pub,4,5
UM Physics 235 Final Winter 12 Problem 06,4,https://docs.google.com/document/d/1Vbv_vbymzLd6WecoxUZ-T2mo051VCCukEPi-MDiHhnE/pub,4,5
UM Physics 235 Final Winter 12 Problem 07,4,https://docs.google.com/document/d/1wIV8BjyMeJqWkmsvudTVo3_pmYqHpCQcAXFtCnY13Bo/pub,2,5
UM Physics 235 Final Winter 12 Problem 08,4,https://docs.google.com/document/d/1F_NFAC5V6zXDPHDhal18kQMpTVTRUslQDVu54tU_Yi0/pub,4,5
UM Physics 235 Final Winter 12 Problem 09,4,https://docs.google.com/document/d/1ockFGiLCizVutZapSKa8qvFfe2cW9tS4tuVNcchJ8lk/pub,3,5
UM Physics 235 Final Winter 12 Problem 10,4,https://docs.google.com/document/d/1qXk3zrolFwZU_ED9HR03zI34ZjcGJVieWurWdhMlQq0/pub,1,5
UM Physics 235 Final Winter 12 Problem 11,4,https://docs.google.com/document/d/1p_k1sb1F3dnZtsL73PAhDEwBSu6EKblU09xLq-8Fuvk/pub,2,5
UM Physics 235 Final Winter 12 Problem 12,4,https://docs.google.com/document/d/1h0Vjx1w0Hl0bvVDuIfeHuwwOUU61TDLVcAS_BbQaMjM/pub,5,5
UM Physics 235 Final Winter 12 Problem 13,4,https://docs.google.com/document/d/1LGvveAReQFWcCY3eyjJs_Gg2zt5Laofkdcwso4ZG0xE/pub,5,5
UM Physics 235 Final Winter 12 Problem 14,4,https://docs.google.com/document/d/1W96zvsGB3XLS3U0nnEPp9VIzCwE6li2HY8Wjx3zoihI/pub,3,5
UM Physics 235 Final Winter 12 Problem 15,4,https://docs.google.com/document/d/1JRzNGwJvRHHmZhdrKiXWM7D84CIA_4JNsnk3-4zYgts/pub,5,5
UM Physics 235 Final Winter 12 Problem 16,4,https://docs.google.com/document/d/1FOle5BcXUGxDBlnSkVZmwoBDQJlCWFBycwvAqChawas/pub,2,5
UM Physics 235 Final Winter 12 Problem 17,4,https://docs.google.com/document/d/1OKK7Y_ra92x41XWT0rG8SrM-KPhsGPD_9SiZwKi8vww/pub,1,5
UM Physics 235 Final Winter 12 Problem 18,4,https://docs.google.com/document/d/1xOk7s-E7e9GRyQVP8Wu5YmvhVvHXPqoPV3d9IxVzFms/pub,3,5
UM Physics 235 Final Winter 12 Problem 19,4,https://docs.google.com/document/d/19UqWeHk7DjIo4HlOGdnKyShLSo-0KQEP4dH6gr7eBNc/pub,2,5
UM Physics 235 Final Winter 12 Problem 20,4,https://docs.google.com/document/d/1xTXIjmJ9-8s1rjTxUyLqoo-UxFQiYHdKzUOvvNqBVII/pub,5,5
UM Physics 235 Final Winter 12 Problem 21,4,https://docs.google.com/document/d/1WHLgi0v6LX6g9xUjGX8hFMGPbZLtHjnlC4B3ruyTLI0/pub,4,5
UM Physics 235 Final Winter 12 Problem 22,4,https://docs.google.com/document/d/1duQKVsJr45hastb0xoHCPfj3FgMyyPoZPIZcvz-mJhQ/pub,4,5
UM Physics 235 Final Winter 12 Problem 23,4,https://docs.google.com/document/d/1YPA7ocF_pHtLecqYOX3DtLN3ndyoMvziJVBqc3Gjr_M/pub,4,5
UM Physics 235 Final Winter 12 Problem 24,4,https://docs.google.com/document/d/1dFSsuFGniEgAVK4tXhLoEMCRemqhOOltFc-H6g_S3Q8/pub,3,5
UM Physics 235 Final Winter 12 Problem 25,4,https://docs.google.com/document/d/1AALWFP6EE7-DMDm3wLxQ5x3tw89rH1KorgTeMSK-ujU/pub,4,5
UM Physics 235 Final Winter 13 Problem 01,4,https://docs.google.com/document/d/10GN9mHW32CA7EZGBteKrjR261oCiOVhmCscKxwYpsC4/pub,4,5
UM Physics 235 Final Winter 13 Problem 02,4,https://docs.google.com/document/d/1rSNkJe2X0p6_N2pPzp-hbdeBlT3kWQfVvbb8EeH-sTk/pub,5,5
UM Physics 235 Final Winter 13 Problem 03,4,https://docs.google.com/document/d/1XCgORJIf2Ms6YH60Wg0BkSssy_3quVwXp4VG1J545RI/pub,5,5
UM Physics 235 Final Winter 13 Problem 04,4,https://docs.google.com/document/d/1cvKBY4zn2M40jDn_3ZTrj6OdmRBsfXIM193TKtic-bc/pub,1,5
UM Physics 235 Final Winter 13 Problem 05,4,https://docs.google.com/document/d/1Xk7sxSVdBbZ-_BXxzCZvcIGzAyxt38n-m2fZkYxoPGI/pub,3,5
UM Physics 235 Final Winter 13 Problem 06,4,https://docs.google.com/document/d/1JPyl1USmWMmtSWQDMo7522WMUJOCo-8Ooh2K_QEh5lg/pub,4,5
UM Physics 235 Final Winter 13 Problem 07,4,https://docs.google.com/document/d/1RllwqP8NLLPVJ7n3QyqylQdKW3QVLr840wUNJNjTDi4/pub,5,5
UM Physics 235 Final Winter 13 Problem 08,4,https://docs.google.com/document/d/19AUG3S6MketyEIVY4y66daBQCmZIiI5nhP3qNUiYpc0/pub,3,5
UM Physics 235 Final Winter 13 Problem 09,4,https://docs.google.com/document/d/1vSiTHj658I3FgI6X1dpx5Cy6-g4IUWX3bRcfG6nbFNI/pub,5,5
UM Physics 235 Final Winter 13 Problem 10,4,https://docs.google.com/document/d/1Vcgoa6mFgGIpfTn0j4SHgrjLDidVBBg92NeGxqoCN2Y/pub,3,5
UM Physics 235 Final Winter 13 Problem 11,4,https://docs.google.com/document/d/13TfOARkrfMU-D_F2wiPZf58vLjRlaTvWmqSmzpYLrkA/pub,3,5
UM Physics 235 Final Winter 13 Problem 12,4,https://docs.google.com/document/d/1PtMEfsaje7878QGskb9p6HL1V5B3mEkNa_804cJzieA/pub,2,5
UM Physics 235 Final Winter 13 Problem 13,4,https://docs.google.com/document/d/1WHGvMkvRHm65vhfTEmHe90Ok2L0wa5xeVK_2SDYUlgY/pub,1,5
UM Physics 235 Final Winter 13 Problem 14,4,https://docs.google.com/document/d/1Lkp54ItPnuVJos8OC1E3xbdMfDPzy4FygUVkDtNRndU/pub,4,5
UM Physics 235 Final Winter 13 Problem 15,4,https://docs.google.com/document/d/1cewXfiHnf8VqlxwDLvx3-o5PkPBGmX1a8J0Fn06Bcls/pub,4,5
UM Physics 235 Final Winter 13 Problem 16,4,https://docs.google.com/document/d/1bpHvwHiUrr-UyjPHSqc44F0hAlcXyw8J8vkBuskA7xo/pub,5,5
UM Physics 235 Final Winter 13 Problem 17,4,https://docs.google.com/document/d/1m-t8DYqpPr69_RulniEkLIsEwru9n-J3SYufwTOyHQ8/pub,2,5
UM Physics 235 Final Winter 13 Problem 18,4,https://docs.google.com/document/d/1zoGK6tVb5da105aSESi2VDgW2CRvBT2BLDtaBX-Pk1g/pub,1,5
UM Physics 235 Final Winter 13 Problem 19,4,https://docs.google.com/document/d/1XagL4UZIgzCqZfqjQ2IY64phK-LeowI4iCySlLV0H4U/pub,4,5
UM Physics 235 Final Winter 13 Problem 20,4,https://docs.google.com/document/d/19R0XpY_0Oxi9s-u7_gMEs-z1yzGOzY2YQ4MdhSKf5xs/pub,5,5
UM Physics 235 Final Winter 13 Problem 21,4,https://docs.google.com/document/d/110Sz8OXuMpN6O3KbToP7khbHzDVKp-c7D53yuYVNtB8/pub,3,5
UM Physics 235 Final Winter 13 Problem 22,4,https://docs.google.com/document/d/1K7YBSZq563H3QEg3ub5UtXCoAe9YehLo7hN7Hu-EY00/pub,1,5
UM Physics 235 Final Winter 13 Problem 23,4,https://docs.google.com/document/d/1fGTSuacgZnFgqWgUbGZQrKzaoiwpRA9KALyGNYzV6kI/pub,3,5
UM Physics 235 Final Winter 13 Problem 24,4,https://docs.google.com/document/d/1IzwtTo3VuJ2U1waObHaXyZU7GbURKhYCjJBbur2IVuk/pub,4,5
UM Physics 235 Final Winter 13 Problem 25,4,https://docs.google.com/document/d/1jbRFoELIC5K95twI6PenSIyascQMaElZhkevIOJUeRk/pub,1,5
