109,PB9_001,https://docs.google.com/document/d/1HcL8KM9ewn3mrKrDb-61TV2QyR-kOdbrSNAVzj0SI4o/pub,5,5
109,PB9_002,https://docs.google.com/document/d/1vUb1fv623fMXHwiOc-Xl5YxUCGXulPDoqVAz0PxwR74/pub,5,1
109,PB9_003,https://docs.google.com/document/d/18BzWFTO8LY0Gkusrmwb_h1JcG8PfJzjeHEiOdOyXWxo/pub,5,3
109,PB9_004,https://docs.google.com/document/d/1bJK2Okyzb7BGWK0ik5zDX7JH2OyXcDYBXjt5RHA2aBA/pub,5,3
109,PB9_005,https://docs.google.com/document/d/1uKo5pW9sQsqQP343a8jWjhL_j6VugHmBUa9QQa5op5Q/pub,5,1
109,PB9_006,https://docs.google.com/document/d/1YE2CsIz2xgvW_gGHFiTrOv6eDsGFppmhbR2y_qWmlz8/pub,5,2
109,PB9_007,https://docs.google.com/document/d/1dBk3o1mmvAX42wHJTuoYTO6MpFtFjto0ci0KdYVzYfM/pub,5,5
109,PB9_008,https://docs.google.com/document/d/1SshhKxUPE8OODlKAvPp79DhSBXsLzc-95CX1L8hHmIk/pub,5,5
109,PB9_009,https://docs.google.com/document/d/1IBpMhRgPGMbpJ0F9-t_RFoHJ1m0czwUAy2KIMXG0Eas/pub,5,4
109,PB9_010,https://docs.google.com/document/d/13F_5ptu7rXVdzrUbUHnYLLMb4zwcIUx201bHDmbOSCw/pub,5,3
109,PB9_011,https://docs.google.com/document/d/1QaPEpxK57aAmWJNHS09jA1ea7c_o_dR9OAGPRReWWmU/pub,5,5
109,PB9_012,https://docs.google.com/document/d/1aFsDV9hAReFrlfgotJgSy0EZtz3t0BO7sXa3dTNS7so/pub,5,1
109,PB9_013,https://docs.google.com/document/d/194ISCVyvEidg6sx13BMF8zJAYuQ4au-f8uWNSecJIhc/pub,5,3
109,PB9_014,https://docs.google.com/document/d/1NQ70OMGyzpIzLMC4dDeNqQVhPbqPJHNoVZ4EpXbzWP8/pub,5,4
109,PB9_015,https://docs.google.com/document/d/1Wp5i6bNh2s02Asnua9H7HnnkZIWy8391OugNABPJRaQ/pub,5,2
109,PB9_016,https://docs.google.com/document/d/1-Ymf62qdd07Exu_PVArkx-zz3rIauveOeQTV_OkQ7Ug/pub,5,4
109,PB9_017,https://docs.google.com/document/d/1LIHt3R4zAlDbAHYX23to9g8DFueNaU6QUhYpW74dkjA/pub,5,1
109,PB9_018,https://docs.google.com/document/d/1FYSdZB6GvaxjTdFWJxz3Upso-KnIJfoEN_gcv_pCpGI/pub,5,3
109,PB9_019,https://docs.google.com/document/d/1vjGxCIlTYE63EKR3OPuVRhlu4Qn8hBGnr4jjuDo1Rt4/pub,5,4
109,PB9_020,https://docs.google.com/document/d/130xbHNUj0IzZOzlFK7ro0m-ZCW3DEU56442w_Sz9AzE/pub,5,2
109,PB9_021,https://docs.google.com/document/d/1pbdRF_9LdEG3wzJl6nTajWna3OHXMciArQuYMSXzj4U/pub,5,1
109,PB9_022,https://docs.google.com/document/d/1rxHoRhhSZhMjrwnEGhvMatvQcYtfNjEJVBv3a-X9JlQ/pub,5,5
109,PB9_023,https://docs.google.com/document/d/1tPuT3yuJEMhwWDLIpuo-7lKSJ_w0Y6YZVupHjAzTXKM/pub,5,5
109,PB9_024,https://docs.google.com/document/d/1tXl5a4cJFpsvqs-RkEBhWtWrLEWKmCzrY64__LfMSzE/pub,5,5
109,PB9_025,https://docs.google.com/document/d/1Gl_6zqpWia-ZPKjQbgZcuqrSowmk-ST5tMx3W6VqRZI/pub,5,4
109,PB9_026,https://docs.google.com/document/d/1kDo8_kNbDOxyAC6o5POXQ_FHQXxFSmkCS5IsXZM_oaQ/pub,5,3
109,PB9_027,https://docs.google.com/document/d/1NYHNtig9N8L6AeuQt5jMVdWqZEt9bKTYQeY_VZb-a-k/pub,5,3
109,PB9_028,https://docs.google.com/document/d/1Jg50qpgoUcYOHBj_0M0oo-K0ZJasY54o2AW87KhZxs4/pub,5,4
109,PB9_029,https://docs.google.com/document/d/1acykMP2pN_LsDi6ncIdjvQpzrqrLxEbd2ol5A4E6AUs/pub,5,4
109,PB9_030,https://docs.google.com/document/d/1ffEeX8g5z-Q7cT2_s10gEEmPF1Jhrjmji1HvRDmN0uE/pub,5,3
109,PB9_031,https://docs.google.com/document/d/1Jcujtlnhimi_zdnpOI-fthktMM07yMjAmwDmRljRXZA/pub,5,5
109,PB9_032,https://docs.google.com/document/d/1Ogjvy7PhgimAF4N4Cwri9MzSoxkkgRJ_gUW_Qpy_auM/pub,5,5
109,PB9_033,https://docs.google.com/document/d/1_D8Ujj3it-beVEzVd6yfXgvBDbqTLKDkLmxi-Xne8kI/pub,5,2
109,PB9_034,https://docs.google.com/document/d/1xSBwOzE-99C6nsqox_9HxmYjRQE5nIQ2Db99MM-EieI/pub,5,3
109,PB9_035,https://docs.google.com/document/d/15sj6f2EnR9ddjy0TeWC4QjKgyZGTbrqL_-o60iEyFFw/pub,5,4
109,PB9_036,https://docs.google.com/document/d/1Jiqqe08ewCS-orQoSQtvSYwU91zbsKGDa_l43N5ZrBc/pub,5,5
109,PB9_037,https://docs.google.com/document/d/1ZJPXZ9i3JAsqA0qM3eQex_5a1sz9kQeO6wJ6DPAmvMM/pub,5,4
109,PB9_038,https://docs.google.com/document/d/1ZHz5l5604ewFzm6-BqvCsz1XGUrTEEb9q9sctto4lBg/pub,5,2
109,PB9_039,https://docs.google.com/document/d/1nWlprRQySXfpVvnstWSYsTBl7cdSMHE0eupwx-mkox8/pub,5,5
109,PB9_040,https://docs.google.com/document/d/1dhKBoN-qeEWIxnmM1xdx_Ha4oCGn_vqFrp2Y7gSMTH4/pub,5,3
109,PB9_041,https://docs.google.com/document/d/1Zqei8pJmTqBXNIe47g4qlMYQaLV7vWK_OTWjk2Z8oWU/pub,5,4
109,PB9_042,https://docs.google.com/document/d/1vGDEpLyu8DoP9ZfZYCD_LgmQQRmQlYiPBaAbmd05uvw/pub,5,1
109,PB9_043,https://docs.google.com/document/d/1nirQaojqTI75xaB2AH5GsFFGGjDjkU2bFtMKQ0mBwPE/pub,5,4
109,PB9_044,https://docs.google.com/document/d/1kU3I5bc_bUQeuUqk01FOWkC2KxVRq73CeYsSKg1zV0g/pub,5,1
109,PB9_045,https://docs.google.com/document/d/1LyOAeZBKBI_8mBfboUzFl6GnXvHuIw6YAUzpATVwwnE/pub,5,4
109,PB9_046,https://docs.google.com/document/d/10iOAWGN0dFlDmpKz_SCBOXMzHUHUZMNBoWKJebwgzDc/pub,5,4
109,PB9_047,https://docs.google.com/document/d/1YOXcaVPbJfbMtXrEVKqOcRAVcNL1mYL7jIKWzCJA6Zs/pub,5,2
109,PB9_048,https://docs.google.com/document/d/1-DFVvTwnok5i6f5E18frzAs13T1xdOhpri-l-Zs1smk/pub,5,3
109,PB9_049,https://docs.google.com/document/d/1C1SELsMYQ_FibChL86q1v-gzEs_G19UUoAassA8Smq4/pub,5,3
109,PB9_050,https://docs.google.com/document/d/1QmZHmhieSP9nUmKrB8GN_j6bm2Ez3Ljjgtyi2TqM3Bk/pub,5,4
109,PB9_051,https://docs.google.com/document/d/1Wz-zfOx9kiNOTPQ5wj99Vk80qDvRGziEFykNEHwBKIY/pub,5,4
109,PB9_052,https://docs.google.com/document/d/1qlNMaNBYO8iqkzCA33QHAybwaDi80r3BVehk4tboiZo/pub,5,2
109,PB9_053,https://docs.google.com/document/d/1kPTG51ytyAKyNAN1x4L9pVpSbkkZPk3V1qaDEOeAG-E/pub,5,5
109,PB9_054,https://docs.google.com/document/d/1SmB7Om6-eLn5dZkz_vNBsA3m9cnJrkUa7WIKNCH68Q8/pub,5,4
109,PB9_055,https://docs.google.com/document/d/1AqYETYDqWIuLeWJDlPFc6aUPuH9m7n_FAiy_RTyfl-M/pub,5,3
109,PB9_056,https://docs.google.com/document/d/1Pk-Uq8kX1s1zcG1IfV5aGrw3O1w98S1nI3spv7GmSho/pub,5,3
109,PB9_057,https://docs.google.com/document/d/1vFOLDKsCscAIXPAcrndnPtORt6TnZvoozkccOjFPysk/pub,5,3
109,PB9_058,https://docs.google.com/document/d/1GkB_AyR9H0I9XARIdmJFIiVrw1UK-Y44AdGzjYqOVV4/pub,5,4
109,PB9_059,https://docs.google.com/document/d/14JrNfKtaYHEEGt0P5UKll9BiXTm8O64Y29KM3jml-70/pub,5,3
109,PB9_060,https://docs.google.com/document/d/1tBS2Cm1NmTfHXANje4ILGr_N33OQch3LowjnwF5oybE/pub,5,2
109,PB9_061,https://docs.google.com/document/d/1LdpSN82i_dSr5Hrs56hB0tV4BFlHY6mlFvhpCIgMGlE/pub,5,4
109,PB9_062,https://docs.google.com/document/d/1y_ro4EWAdbriq4EpkQAXft-7gZMrr5FJtzADR5YCLx0/pub,5,2
109,PB9_063,https://docs.google.com/document/d/1wwxu_jEEKpuLcl47yzXHCXHD7AcGGfXmS_AXQDIeQ1k/pub,5,2
109,PB9_064,https://docs.google.com/document/d/1233NFibhb_PmFXpoHxzo6X_1qxeuX4I9azMCY33wo30/pub,5,1
109,PB9_065,https://docs.google.com/document/d/1qLFfFygkykAg49jDcFwRxFgATY3Kz_ZptOdPAYH6HnY/pub,5,4
109,PB9_066,https://docs.google.com/document/d/1nuco5eRCLs_z2bmwbtP8sdXb4ZP76FmNgolJfPO6ygk/pub,5,3
109,PB9_067,https://docs.google.com/document/d/1bjYQAF76Uqrrh-6WIcutvCT-nbaws-sRTJmse0j-Bqs/pub,5,2
109,PB9_068,https://docs.google.com/document/d/1m8wD7okV6ydlNud3ZLZ7CzApP3Hsn4Ss7hP1M-CZec4/pub,5,3
109,PB9_069,https://docs.google.com/document/d/1NVWUsOrEGk1utIkRcuP93siGKLeSyf5BAhGOICtTYrc/pub,5,4
109,PB9_070,https://docs.google.com/document/d/1ysZTa3WFK34iUbvb8jN0lrtFuIkAJhkHoqDQErVqrxs/pub,5,2
109,PB9_071,https://docs.google.com/document/d/1SgUQffmpA_0rIQAInRThR-PbNB_50hvUg18-3UqOJa8/pub,5,5
109,PB9_072,https://docs.google.com/document/d/10jALccZ7ApTGoOFZHZNKxRfxu-fr6bLyE7eQ2g_yzxE/pub,5,2
109,PB9_073,https://docs.google.com/document/d/1DaSnWZvprdpwOJZMWfq8BJJRH0hVIQJ7qVvVVOwXmc4/pub,5,5
109,PB9_074,https://docs.google.com/document/d/1Lq2e7umQfynoJ2iaSTaUrzZjpjl0FVsiSKlFdFYxTvs/pub,5,3
109,PB9_075,https://docs.google.com/document/d/1T6rMwywuY4yWi2Otx3ezpgCE7TFmNIUmioT8TjaTnQc/pub,5,2
109,PB9_076,https://docs.google.com/document/d/1GzPPqFCY7obe2LLXysho9Pm7MdBIiVystU0F439gLCY/pub,5,3
109,PB9_077,https://docs.google.com/document/d/1aZDdg7rX4seHHNwiNLTOakj8ovLCGYBXh_iicevKWms/pub,5,2
109,PB9_078,https://docs.google.com/document/d/1Cp5NjCDQpVhL4XJ2ijD_WUfhvkVUi87qDR5_7apPWzE/pub,5,2
109,PB9_079,https://docs.google.com/document/d/1aJ2sVXD7DynmAu7MYeoLlR6tzjBZtQdFvmDoSSynF2I/pub,5,1
109,PB9_080,https://docs.google.com/document/d/1mwWt20k3KU9gkR3AvA7CEiiIS7jAUa4cw2IPcB9FlGc/pub,5,3
109,PB9_081,https://docs.google.com/document/d/1m42hp1BGvP921GfUMYrj43rp9OWLSiupVJXc79XKmaA/pub,5,1
109,PB9_082,https://docs.google.com/document/d/1bKfGNSSniP-1klrq5RhBBN1JyxPtmY03wisJwcuggrU/pub,5,4
109,PB9_083,https://docs.google.com/document/d/1SdX6FNaBCOaliiGnPsJnnKz47wXFdOGusW0QQEl9AGs/pub,5,5
109,PB9_084,https://docs.google.com/document/d/1OBjD7fsmmmIy4LnkgFdX_75qcKabjqyqqNWVOSJb_kc/pub,5,2
109,PB9_085,https://docs.google.com/document/d/1bObFuqDDB1_NDkbnwa87_RT5OZmAL-sZ5VOcA7wOnvM/pub,5,2
109,PB9_086,https://docs.google.com/document/d/13hgX5_35Kc2ddsA3mHHhQCEy_XitF2cqVhb9l1QG6pE/pub,5,4
109,PB9_087,https://docs.google.com/document/d/1x_juVGVP-4pkbJmmqCZ4F1ZSdr8nkSMgIcV7OT1ZFFA/pub,5,5
109,PB9_088,https://docs.google.com/document/d/1RHNSX-m21Z_FqlLNQtMWdCgHBfseYq2366VqV6sgZ6U/pub,5,2
109,PB9_089,https://docs.google.com/document/d/1JidqB3ByrZkbZ679UQPg1kYG63fMTlPx1XFo2hbg5w4/pub,5,4
109,PB9_090,https://docs.google.com/document/d/1hTbTIZV0-LrKq2myULlhGz81D8Vey0YuQLtFz4MqCeE/pub,5,3
109,PB9_091,https://docs.google.com/document/d/1K7vuDVQK9gZIKi0I47c_axHnZJ1Aro_vEt9tCPLJ85A/pub,5,1
109,PB9_092,https://docs.google.com/document/d/1amVBXu3YEScaMpSBC0pWUfpw3bW0ODAkFIXlvKXl7SM/pub,5,4
109,PB9_093,https://docs.google.com/document/d/1PCAe0HLETQtVtgaW1-SDu5d-4lrdgRbUqfTmULW_wHU/pub,5,5
109,PB9_094,https://docs.google.com/document/d/15T5JKSdYTdbboNZwn5unzgsb2Au72KB-wK9f8z_nC-A/pub,5,1
109,PB9_095,https://docs.google.com/document/d/1RPVdkIIfuzUfA-_Z_UfhqjQZPe92PpJ07B6-kgXF4LU/pub,5,4
109,PB9_096,https://docs.google.com/document/d/1CkUMXtYKl-SoMAMDnpkQ8x_VZQsFCRuu7ozcrbJ6iNo/pub,5,2
109,PB9_097,https://docs.google.com/document/d/1DsCML5sYziZf-y2IEESWeBghtzNu-oZjzLbV7kRk67c/pub,5,3
109,PB9_098,https://docs.google.com/document/d/158lxOrS23AMPMK1Z6oiQjkuIxNpFA4iLAHEp5FRCIW4/pub,5,4
109,PB9_099,https://docs.google.com/document/d/1Trq2zUREEHi6Cojh7PQbaGCnMoVaFFdXXqcDknNhjYI/pub,5,2
109,PB9_100,https://docs.google.com/document/d/1ZQb6uwzODfnCUWuamwG8SlGvsl8jf1-atEjPCG2IJGs/pub,5,2
109,PB9_101,https://docs.google.com/document/d/19JdR36mzCYjiTllUBbvH0ImnNz3wWPP2PcITnZNQz60/pub,5,3
109,PB9_102,https://docs.google.com/document/d/1hGylnaigRzzL4sGWLxUaStX9XyS0WXGnvNEVod86jY4/pub,5,2
109,PB9_103,https://docs.google.com/document/d/1MaiOQ4MukCt-UoLIEre1TshKaRaZFm-T_cQHp6Px6L4/pub,5,4
109,PB9_104,https://docs.google.com/document/d/1_d71lAM2UBMdK1vLZFm8kSlc7INt5gEFV-e_Ln3eV2w/pub,5,2
109,PB9_105,https://docs.google.com/document/d/16h2yCaqtW9jRdb0iXuLuypgZmhW4q0cf1Fb2wVh3zN8/pub,5,3
109,PB9_106,https://docs.google.com/document/d/1yB8ePITXv7EPQ-l-NfKt6waggY5rNhP5Ru3o_yvghX0/pub,5,3
109,PB9_107,https://docs.google.com/document/d/1p1TthDvhKLH8vDiBpi3kVVeUPb-aDD_7L7-VcgUF62E/pub,5,2
109,PB9_108,https://docs.google.com/document/d/11-hrleZczGWBvhH_Q5dGEFofpgcmntEOIj3LiTpj6KM/pub,5,1
109,PB9_109,https://docs.google.com/document/d/1Z5c6udNrTItsHHJ5K_J1DMER-51CkeNPOQ6s4owAq3s/pub,5,3
109,PB9_110,https://docs.google.com/document/d/1Ua7CKNlBf05ECTrZ6o9PA9nH7EFHIaYBc1iGomZQ70c/pub,5,3
109,PB9_111,https://docs.google.com/document/d/1dcOLwlsPuiFkWOEqdCcmWD42hTlJmjagIwFod82HpZY/pub,5,5
109,PB9_112,https://docs.google.com/document/d/1RvfPzQknlwFejNWw37dRLULTHKT1Goz5Fu8mHJOKnxU/pub,5,1
109,PB9_113,https://docs.google.com/document/d/1SLqlbVPbzFC1g7TxDXfIBwKo1v44d8MM4NcvDNlQh7k/pub,5,4
109,PB9_114,https://docs.google.com/document/d/1Y44rSNrnVwdlE85HiRP3829IYXtan6bTdeuz3-rqHFo/pub,5,4
109,PB9_115,https://docs.google.com/document/d/1-01RsFLMAt0cZi0NGYeVBhf2dEzVoKz3jL0yPCiZjK4/pub,5,1
109,PB9_116,https://docs.google.com/document/d/1omSU4fbOd72ktRW7w3jSNcSEPCOFfKUKnYoupKTWtsk/pub,5,4
110,PB10_001,https://docs.google.com/document/d/1IHx-Pg8NbXYsogLoYM3n9yIfbFbRnm1x9o8zWvbQLgw/pub,5,4
110,PB10_002,https://docs.google.com/document/d/11_2g5-JzJHcKtBytpE-L7WO91SwJkrHh62ZcrYeGWRs/pub,5,5
110,PB10_003,https://docs.google.com/document/d/1d88Q9Ocjam7qA6bwpaMGSXfgXw7iVwNL2WIa-_yvecg/pub,5,5
110,PB10_004,https://docs.google.com/document/d/1XVyNgXVurYDwzJjw7wyfh57Pi38e1qznBxt0A6YtpA0/pub,5,1
110,PB10_005,https://docs.google.com/document/d/1NA0aqC1bAzGvr7tJweUymD_h4Yf23P0eAxUP0wb1eiQ/pub,5,3
110,PB10_006,https://docs.google.com/document/d/1spuceB8x-Tq2aKaG8jVblc-rYeo3eaxSANLFlbRSJ9E/pub,5,5
110,PB10_007,https://docs.google.com/document/d/1xsS0B6fX7HktcXgm1LJYojoVHJysl0AXLhGr9zLoi3Q/pub,5,4
110,PB10_008,https://docs.google.com/document/d/1jqymXfVJgKEd35PxyTLQ4ygg47eUWfurj2t24tbko-I/pub,5,3
110,PB10_009,https://docs.google.com/document/d/12ts1e-8OEc4H4ln_lJb8tHsvXFKufUSR2GpYPIzWRlE/pub,5,5
110,PB10_010,https://docs.google.com/document/d/1kVxjuipABvlCIqd83JNt7X4VLDAwhHtB6gFQsOGebT8/pub,5,5
110,PB10_011,https://docs.google.com/document/d/1nJAJp4XtFYPes35RifmBVO9LxFh5xjKCB9uvVEfPAOY/pub,5,4
110,PB10_012,https://docs.google.com/document/d/17iYKqR0th3H_IxEbodYUOYBw0RIuAAjCLyBecahFKhg/pub,5,4
110,PB10_013,https://docs.google.com/document/d/1jWA5wnD7bnWLgH_QnFC8PjlQ3q1QeJ_UjhNQ58UjXS0/pub,5,3
110,PB10_014,https://docs.google.com/document/d/1Nh9ydOEqz-QbTaf5XIkUEDw9fFFArATGHxCsbKZpSg8/pub,5,2
110,PB10_015,https://docs.google.com/document/d/1oBsRx-naeMWRKshn9fwz287ENGWlBqP6Qhqt3EHDlWs/pub,5,4
110,PB10_016,https://docs.google.com/document/d/1Lymo1LAZCreaP6zXuusIIOsC0HB9M56AWTGXt1Dn8cA/pub,5,3
110,PB10_017,https://docs.google.com/document/d/1JeKiP31pAfX5UQQ4icZFNvxct2LhDzX6LJi3dNi6lm4/pub,5,4
110,PB10_018,https://docs.google.com/document/d/1-330qXbURq4ADjBPvFCR6d1ClJ8TBQyqUsX_UBw-Ws8/pub,5,2
110,PB10_019,https://docs.google.com/document/d/1Idv7UBKRjdiPlrY_BH3H-2JHWvXugGAc_USfHb7eTCI/pub,5,1
110,PB10_020,https://docs.google.com/document/d/1eYTaTOpyVqpZ1iosOKTWM5VeV2yvCc8UXs3juOtKahw/pub,5,4
110,PB10_021,https://docs.google.com/document/d/1pkra1KdP9il1DLEzf6dr5q_hQYaiJgRr6osyCECwd9A/pub,5,4
110,PB10_022,https://docs.google.com/document/d/1IcUwPjOaHb2-i2glETOeKeV-hY2vQoGRb9xtyQ0tNqw/pub,5,4
110,PB10_023,https://docs.google.com/document/d/1QqNcAewMsWFSFco_UfQfY19-edfk0nFfpgKwqMcbIJc/pub,5,5
110,PB10_024,https://docs.google.com/document/d/1pYY4tPfCf2kEczeVxcUjnIURWY6PXPQawhAac1v0SEE/pub,5,4
110,PB10_025,https://docs.google.com/document/d/19EEEvxDpmXSVYyUIsZcAzH4zIpBdJeTDvngoOjbeH5I/pub,5,3
110,PB10_026,https://docs.google.com/document/d/1VtV2-Il98ZfjmX-GJzocpG9VGDj-VZabrNFBMUZAq_A/pub,5,4
110,PB10_027,https://docs.google.com/document/d/1GbmXlh-qZ-cOD-O1tbYMvgHLVfLOqlXSXtvkV14rwJA/pub,5,2
110,PB10_028,https://docs.google.com/document/d/1dl7zb-YHt6G-yN_uDRTJEzrxzbKH1Wa8l40gY1Zv3BQ/pub,5,3
110,PB10_029,https://docs.google.com/document/d/1NZuOZq8dNgQeA5n26dfjBrSO2kqtgS2Ai48NhCSA1Y8/pub,5,2
110,PB10_030,https://docs.google.com/document/d/1TeM905RmBh1VQzCp2hOTZeDYdALCZe5A4X47GVHPAjE/pub,5,5
110,PB10_031,https://docs.google.com/document/d/1YdAyQOIhWreGTvLEj1laURIqzsi05-NbJvQwY63XKq4/pub,5,3
110,PB10_032,https://docs.google.com/document/d/1Lvtf7hCKhPJAw-W9bwZ2L2EuaYk2wsxYgMLQbqRiLvs/pub,5,2
110,PB10_033,https://docs.google.com/document/d/1CqQNBAaGs-oK9371xvuEACz1-ZvuzMXz7tlUmxfoVQ0/pub,5,4
110,PB10_034,https://docs.google.com/document/d/1CrIy6yEmjZn0r5QPfQYSJKwN4SwR_-VQxbx2Tf70BY0/pub,5,2
110,PB10_035,https://docs.google.com/document/d/1FuyzoDJVF8YRQ-6_9cXGbM2482Y_MFDhtpbTUJzVYNE/pub,5,4
110,PB10_036,https://docs.google.com/document/d/1cx-X2HRgS8N8WE9WGu2gpz-9lc7RucsVFdYQ1ndakZo/pub,5,5
110,PB10_037,https://docs.google.com/document/d/1TQh5J6ShbSy3QLdubut-uell-mMMD5ttIuI_QzHQZHE/pub,5,5
110,PB10_038,https://docs.google.com/document/d/1UOcKDigZVg_1UgzWbelu2iuWZLa5E_5dXtwYymGm4I4/pub,5,5
110,PB10_039,https://docs.google.com/document/d/12W4H7bh4rWbMG21ytzoup8uK94ROrqzKsHyrf5-Esho/pub,5,4
110,PB10_040,https://docs.google.com/document/d/1tukKRNrElS9oClKXhhz_xb5d5RIsnD0Lox33w4uLQOw/pub,5,4
110,PB10_041,https://docs.google.com/document/d/1UJqHLRzAxAW4Xt2CvyemLXM3TWNGDgdc5pQSHWt0jgw/pub,5,5
110,PB10_042,https://docs.google.com/document/d/1J4gPpVefpODmojh_ku6oNlp2EFGxGfih8FBfpR7Pb04/pub,5,1
110,PB10_043,https://docs.google.com/document/d/1zCHA7zXTqD4q9TlNvrCFUw1rpkoxkjPs9RB-MS0QwCI/pub,5,5
110,PB10_044,https://docs.google.com/document/d/14ltcixnaeLCFPADfQ_jKLYPOh4kRYK0JQJFsDfUDZHY/pub,5,5
110,PB10_045,https://docs.google.com/document/d/1iGVBIg_FYk51aCdD4lVXX77MqcLOxTn6oitq2-NNhR8/pub,5,1
110,PB10_046,https://docs.google.com/document/d/1u7GuzKtK4kHTsAe442x9MW9Xf3neKZcffOuOIiYeeG4/pub,5,5
110,PB10_047,https://docs.google.com/document/d/1ldz3CutU_us2lFSKWW-aDoIQM7y1EQY6oIV4NqGnG6g/pub,5,4
110,PB10_048,https://docs.google.com/document/d/1YFzkKR2RnKn98CWHexbCZ5BcntlW50FAa0nhGHLqluk/pub,5,2
110,PB10_049,https://docs.google.com/document/d/1E44GsjL48fspGq6mCHeLWzgepD7LwYRnpA0SQgmJhv8/pub,5,5
110,PB10_050,https://docs.google.com/document/d/1Ir09LWJrIS1tMQV4Y6akPBVjaGiod522j-WQsRX4Mqk/pub,5,1
110,PB10_051,https://docs.google.com/document/d/1USaYPlkNDiEo0SzKWGvpgXl7MH_2ln3i_MPhpUyhfew/pub,5,3
110,PB10_052,https://docs.google.com/document/d/1rQ57BZDKzi5IZ19wcrgek8NSW4Q_SEF9LAbt43Amx7E/pub,5,2
110,PB10_053,https://docs.google.com/document/d/1pF_hRG8JSjoNDzvX7_eT9z1jdW38eK04uruoLCUIroE/pub,5,5
110,PB10_054,https://docs.google.com/document/d/1f9eiMEqsEMhdtLekT0u5dU7FFgmZjVPbGGzZo4MJtS4/pub,5,1
110,PB10_055,https://docs.google.com/document/d/139c7eBKEdwd_0SKxnUzcoTdfj-OP_2x3OwkHpFmeGa0/pub,5,4
110,PB10_056,https://docs.google.com/document/d/11ahzNk2P3lpvCV4mxYsR4kIj0rW7Dsle_q_UlkCTsKk/pub,5,1
110,PB10_057,https://docs.google.com/document/d/14QV7hpoZHlmp9Kzw45P3YU-Icsg33_FMH_pvR8HbB4o/pub,5,3
110,PB10_058,https://docs.google.com/document/d/1Hnwa4OJeI-fJZ0P74WYPT6alyNc2r0g_XF8-oT2A7g0/pub,5,4
110,PB10_059,https://docs.google.com/document/d/1akkBRxAkZ-z4o6C_9zJ-VInCzw4RSgAYmrP6wfHkuhk/pub,5,5
110,PB10_060,https://docs.google.com/document/d/1YXRBJUa_5arvgV5xClkAS1FOmJC3ar6lrSzXPdEhnLM/pub,5,2
110,PB10_061,https://docs.google.com/document/d/1ECuaR-B29GDUmHSylQNtpIlV8DVtFIrVdHxYHvExm3c/pub,5,2
110,PB10_062,https://docs.google.com/document/d/1Ig5FKufguqJfz0S-wCegxZqbR_IVTfUZxhsvMW_AF38/pub,5,5
110,PB10_063,https://docs.google.com/document/d/1PSTB0DKyoC0si4DDwkQjc4nMk5khw0v6Tmfn5QxJTGk/pub,5,5
110,PB10_064,https://docs.google.com/document/d/1yaVUjYOEkibwarCiLh9Crpn2bBpyVs2UM4Rnz_YsDh0/pub,5,4
110,PB10_065,https://docs.google.com/document/d/1BADHs3AtA_dQxKg1OuUdl3zrhsFwPDhILkHtBwlo6fQ/pub,5,4
110,PB10_066,https://docs.google.com/document/d/1kz6OFMn8r5-4Q3wZgYr0gSjpZkxqDTM0XJ6IJqHYn3g/pub,5,2
110,PB10_067,https://docs.google.com/document/d/11T9T7Y7bX4DocFiusFcHkL9RRW9a2psCHWjXtlGvqic/pub,5,4
110,PB10_068,https://docs.google.com/document/d/1DSz9TqYQBy8KaaIDQhV66vrZx9qnAafqjq1jDTqPhhA/pub,5,3
110,PB10_069,https://docs.google.com/document/d/1fZrEh2fwhVMbLu7nl4ez8JrAKl6IRhSyMOXbEgIwdYs/pub,5,1
110,PB10_070,https://docs.google.com/document/d/1uLYnPMcMOo0NP_B3E4ii6pABtgi63vvaY-KHXtO6S0o/pub,5,3
110,PB10_071,https://docs.google.com/document/d/1v-6Vu9tD5cC-1WBsJvucupmA3pYXxYpVrSnxlk-hHSA/pub,5,2
110,PB10_072,https://docs.google.com/document/d/1dsco6K2d0vcVUGG2w-Brpa3dO8WW10d46vLG9fuUtGg/pub,5,3
110,PB10_073,https://docs.google.com/document/d/1EZipoqJ8Q_ffz0BxbkH51fWOAYGNwvRkaEnxCL2sgUQ/pub,5,3
110,PB10_074,https://docs.google.com/document/d/1DqhTOKEkr0FmsYBNzodJc6dlTd31Ca1LgAqQT-tOAHM/pub,5,3
110,PB10_075,https://docs.google.com/document/d/1HB3kLusQYXCL2eCLFLuvQkkQQm7Z1pIb_v_I2HlFqsE/pub,5,5
110,PB10_076,https://docs.google.com/document/d/1X_wlBlEiEF1a2IOKRzxryr8pEGPq2X6I55MeAqT7rEE/pub,5,1
110,PB10_077,https://docs.google.com/document/d/1qZ5DXwpNduUz97kd9fzPlHbHhCNrM8-R6EYRtx-aeY8/pub,5,4
110,PB10_078,https://docs.google.com/document/d/1igozv-p3cgOn123J2RJICHSB58FZWaGyq73rlH7OP34/pub,5,3
110,PB10_079,https://docs.google.com/document/d/1zJ7TWahlACvHkCEvv4bCqxNBfsxdzxMzOETDk8HrJlA/pub,5,4
110,PB10_080,https://docs.google.com/document/d/1AofeTzyIZyNP4eMdgVJDddzqRK-AYQ0QWx7ipRYeVhc/pub,5,4
110,PB10_081,https://docs.google.com/document/d/1vOBNAswV960Tf99G21WMtTwJzD26ef0IQY2M7s1drrw/pub,5,2
110,PB10_082,https://docs.google.com/document/d/1PttBpCV4oeqFVRGGCIUh2G1-lUA7NdxzAgmJ580UU4w/pub,5,5
110,PB10_083,https://docs.google.com/document/d/1WvlvP_hSwsl_RvOboJJsfOAJiYDGJdsvWhRMsXWcjJI/pub,5,5
110,PB10_084,https://docs.google.com/document/d/1kTWVplvsjIZ2_8SwhkeP6ZwBvugAIHEwNQe-zTOvug8/pub,5,2
110,PB10_085,https://docs.google.com/document/d/1HKlqBsCWi2LJ-tQgw8JGL3o8tLKSOCr5nMnjp36Uvxo/pub,5,2
110,PB10_086,https://docs.google.com/document/d/1DKtqh4erAOyAVYeT2HVcGd0dfI591UHSWK2pMDB1jMk/pub,5,1
110,PB10_087,https://docs.google.com/document/d/1Gm8NqnLgZ10uonGqwK5gEqO9k9uSb_49Rq4E_V8tK88/pub,5,3
110,PB10_088,https://docs.google.com/document/d/1329C09c-vF-1fTYJILzxXaK31_fsJlMMeFUCjWi7EpY/pub,5,2
110,PB10_089,https://docs.google.com/document/d/1Xgata6OG7fY-Aw0Ll86jlx00QtTKEd4tn7SZHdEcwsE/pub,5,4
110,PB10_090,https://docs.google.com/document/d/1_4VXGU0s_YTvxIOmXaiFVAKMqlPsNR313ZiDNQQP90c/pub,5,5
110,PB10_091,https://docs.google.com/document/d/1oFcOR2umKJlMc-STEIdnZFPaFG_rVWLA0k6f0DUG9yQ/pub,5,1
110,PB10_092,https://docs.google.com/document/d/1sIKANbKky-yLSKHH3Z-fHxL1gH-Vxk3skWsyLHPb7ys/pub,5,3
110,PB10_093,https://docs.google.com/document/d/1EQLP_moMV4RfV_08HPxHcnrYZg7EdFagdtGgWe7Gbvk/pub,5,4
110,PB10_094,https://docs.google.com/document/d/1Gu-k0d8FjgmbTxPJ6Aeq-x-zFC-uWcG21pXtKW0BjPQ/pub,5,3
110,PB10_095,https://docs.google.com/document/d/185xBqHbmbPqtefFvsb8SMAbi-NaZjQ8n6XUFucRxZe8/pub,5,4
110,PB10_096,https://docs.google.com/document/d/16ZfV4BqbSZPBXegaWjS5ec5g5Wwb7cYdmBBVeMRZKI4/pub,5,1
111,W13_E2_Q04,https://docs.google.com/document/d/1fGj53QO4kl3Kz3t4fgbvXSKZwkbI_MJhDTcB4EFKnko/pub,5,3
111,W13_E2_Q07,https://docs.google.com/document/d/1iCJYUJkpUoRMMh9C4mprkPT7HQtbqNj3qRdAAtdhB7I/pub,5,4
111,W13_E2_Q09,https://docs.google.com/document/d/1c-Zx_g5C-zHRlE6gFDoPYz76xFISqXx5K-oK6LPvyGs/pub,5,1
111,W13_E2_Q11,https://docs.google.com/document/d/1E-KzdArpYKeoDxW47sIFJP7edAAd8SEIzfkmPfFlViM/pub,5,4
111,W13_E2_Q24,https://docs.google.com/document/d/1rCLt-QNObnPif75HrvYqkvMwDSOG5T8C79fXZBichJg/pub,5,3
111,W13_E2_Q25,https://docs.google.com/document/d/1PBSlmuts22bbd77yeHBBzo9ZCOK5oiRP9eoSdUzYzdU/pub,5,5
111,W11_E2_Q04,https://docs.google.com/document/d/1F7HbPxNzlVX89LjueWKrytTF5jvHo_R94pqO6lr_iIg/pub,5,2
111,W11_E2_Q07,https://docs.google.com/document/d/1wQh4bbrxi2H4q1He7_kGd_5GO2aJqyyf49k70KvXcmI/pub,5,4
111,W11_E2_Q11,https://docs.google.com/document/d/1LRyZdiXpcRBMtrXdSrPpvNBK2CZM8_Bi9fhk5E4pjxw/pub,5,5
111,W11_E2_Q14,https://docs.google.com/document/d/1zw4H78g-BwTg6xUokKBvvQTdsiHRFxZkAXK9mD6s5ik/pub,5,3
111,W11_E2_Q24,https://docs.google.com/document/d/1lk8ImOodzFFzG7qHmopKW_yyeeKkkaVgEJIrqaJyVls/pub,5,3
111,F11_E2_Q08,https://docs.google.com/document/d/1s-MIcW_S1FPVLokil3epmIh_-QKfVWImsmEae4CVQ9s/pub,5,3
111,F11_E2_Q11,https://docs.google.com/document/d/16k5MyrwHnGDzFLW3wqoG5hhym9BVoFJAAJdi8Ug6gRw/pub,5,2
111,F11_E2_Q19,https://docs.google.com/document/d/1WOamW6MT85j9isI1wAlfI2ULwpn8gAxUvHqRVQ6oksI/pub,5,4
111,F11_E2_Q23,https://docs.google.com/document/d/1E3Gx9Us5VMMsvlDFn_GedYYW1IQOAuvt25WpAz4xTeM/pub,5,5
111,F10_E2_Q02,https://docs.google.com/document/d/1rXtyDDOZr_0hebmkFYpovI98qsVckcbtA1OZfpiYlA4/pub,5,3
111,F10_E2_Q08,https://docs.google.com/document/d/131YKFOAoiETc6QdmyWcaVV2Ln9aT3kttaoU_ZiGprW4/pub,5,5
111,F10_E2_Q11,https://docs.google.com/document/d/1NkClgzoo-YY24-J9lUl-YLo9xY2qVijvbHX74U-3eyA/pub,5,3
111,F10_E2_Q19,https://docs.google.com/document/d/1zoZTbuMboNMqNL3z3s40DJufQhnYxa0PJYB2x3axlEo/pub,5,5
111,F10_E2_Q24,https://docs.google.com/document/d/1xGiG78wKkzS-KL17LKcx5fvG92_XAOrKyC5RjQztYME/pub,5,5
111,F12_E2_Q02,https://docs.google.com/document/d/14v-6EeOD6wzB46AGDPJY0STTUmR851cmMi-WgcgA9mg/pub,5,4
111,F12_E2_Q05,https://docs.google.com/document/d/1fla_ZPT-pqh6O8RReuwWRQVTNpq_7MOB_RDAuXRPMkA/pub,5,4
111,F12_E2_Q20,https://docs.google.com/document/d/10Lq-BwButl8_7Vkn1EGy6Ce7QICDjWLDg73Sp07GxYY/pub,5,1
111,F12_E2_Q24,https://docs.google.com/document/d/1zBHS_TceX_3Z4qqe0bwbHpU-LR0XQ8hN9uCd-urs6vM/pub,5,3
111,W12_E2_Q07,https://docs.google.com/document/d/1YVVha5it1S8-5xkHUDOwodlovepLAv-jmj3RqXzooEE/pub,5,1
111,W12_E2_Q09,https://docs.google.com/document/d/15pc1nLSJ5fTTkKwKCMYVXEl65pBEMPTwXm8RF2t8eA4/pub,5,5
111,W12_E2_Q11,https://docs.google.com/document/d/19-OObfIUt0Hwr9BBhIcz6s_UzkJt-maCCvJJ3yiOBPE/pub,5,2
111,W12_E2_Q17,https://docs.google.com/document/d/1mSIcASW9JriQLmxOHTFQuIc6PTtHXPF_au3kim5uNeE/pub,5,4
