4,Stats 250 Exam 1 Sp13 Problem 1A,https://docs.google.com/document/d/1w9ThRFIls0O0cn8yp5iff_3MweRl31Ogjhp081UxGTI/pub,4,4
4,Stats 250 Exam 1 Sp13 Problem 1B,https://docs.google.com/document/d/17FIVIVrgc1ium5Z3HmKomE2IxlsvqGOKJjpJ-9dCA9g/pub,4,2
1,Stats 250 Exam 1 Sp13 Problem 1C,https://docs.google.com/document/d/1y9D2AXcl2n0ZZ3bfk06vpHGMwgbCjdyHMAcKk7CIsNk/pub,4,2
1,Stats 250 Exam 1 Sp13 Problem 1D,https://docs.google.com/document/d/1RiKlcRIvKhPQeUIGetMmbFacLcK6x2xjU6KuGIjk268/pub,3,2
1,Stats 250 Exam 1 Sp13 Problem 1E,https://docs.google.com/document/d/1rUrc5rLjY6tmF79Rua-2LeuyP5wQk_mudZhAwNG23U0/pub,4,1
2,Stats 250 Exam 1 Sp13 Problem 2,https://docs.google.com/document/d/1zwuZOweBJrurH177UNTdhWyciFnMUONUhmno-lDYNMs/pub,2,2
1,Stats 250 Exam 1 Sp13 Problem 3A,https://docs.google.com/document/d/1W-n6JTs98UI9HZ6CQ5VGVjDd6mp7pemKKhi8FEfwHYc/pub,4,3
1,Stats 250 Exam 1 Sp13 Problem 3B,https://docs.google.com/document/d/11iy6F1JIqUBJVP-4rPwbOsb86DJta602aCs65K9PT5U/pub,4,2
1,Stats 250 Exam 1 Sp13 Problem 3C,https://docs.google.com/document/d/1OCUbS9ianlTnRtIDx1sC-RcesNsmGakJGi4ekH8r4II/pub,4,3
1,Stats 250 Exam 1 Sp13 Problem 3D,https://docs.google.com/document/d/1EabdToDXhANOhzKaVXvWR-IpzGA_dAT5AHpEMGoUWEE/pub,4,3
1,Stats 250 Exam 1 Sp13 Problem 4,https://docs.google.com/document/d/1kDl3fVoeyvrXirkdNRPu1KQjX8LjvJkF6yJEGS_Yh74/pub,2,2
4,Stats 250 Exam 1 Sp13 Problem 5A,https://docs.google.com/document/d/1gKBmwCUq5niROl19uFLnxK0ZSHVConSmo-iOyJUvS8w/pub,3,2
4,Stats 250 Exam 1 Sp13 Problem 5B,https://docs.google.com/document/d/1lCLHBajn74aIbPtJRKUCF2aCGRE9Tan8fWic28Qd4Js/pub,4,1
5,Stats 250 Exam 1 Sp13 Problem 6A,https://docs.google.com/document/d/1H1hPWZWoPJtXR0IFp0JzGD1gyu3AzOaOn96o-cuf680/pub,4,1
5,Stats 250 Exam 1 Sp13 Problem 6C,https://docs.google.com/document/d/1u1Cym62x8R1kXz_uuoAPoTklmFrnbvpDxvQDSqgFd9Q/pub,5,3
5,Stats 250 Exam 1 Sp13 Problem 7A,https://docs.google.com/document/d/1dsiDOHfeehYUtt2EQT41fVwayma4HnLSafwBjDTD6c8/pub,5,4
5,Stats 250 Exam 1 Sp13 Problem 7C,https://docs.google.com/document/d/1h9tjlXwaDA43lRkC2nkxO4CRArPNpR5WamdaCXEZkXE/pub,4,3
5,Stats 250 Exam 1 Sp13 Problem 7D,https://docs.google.com/document/d/1Qq6bzCyTGqeJH8o4BTmmKdeOeRiM1cznoy2vcZMfJPs/pub,4,4
5,Stats 250 Exam 1 Sp13 Problem 8A,https://docs.google.com/document/d/1CE2W8DkvDIi0TTxTvzTkfDefetrSLpqtg_84SneSs4k/pub,4,2
5,Stats 250 Exam 1 Sp13 Problem 8B,https://docs.google.com/document/d/1WgEBCNJdj82DVETzsgHnyPbaEq77Ons46tr1bqvOCn0/pub,4,1
2,Stats 250 Exam 1 Sp13 Problem 9A,https://docs.google.com/document/d/1FiapXuEpts1JT2LhXxT4WfrCXmWjxhsAEOsUP2kEPMA/pub,2,1
6,Stats 250 Exam 1 Sp13 Problem 9C,https://docs.google.com/document/d/1N9prn6NNgCb_MgkRARWR_T5vwuYRhsVyTcAFntC6yg0/pub,4,3
6,Stats 250 Exam 1 Sp13 Problem 9B,https://docs.google.com/document/d/1qc-ag2-ApZSmPpD1fH0kBsK1P6pioh5mlyGeKvLKXyQ/pub,4,1
3,Stats 250 Exam 1 Sp13 Problem 10A,https://docs.google.com/document/d/1LumtXr-EXj7ctK8meIU-Q08nO7kikpTUrYjVgojPQFQ/pub,4,1
3,Stats 250 Exam 1 Sp13 Problem 10B,https://docs.google.com/document/d/1aw-C403gPv_HlAAWOpn1tOrRYQSrD-XLT-e1rO3fSNQ/pub,3,3
3,Stats 250 Exam 1 Sp13 Problem 10C,https://docs.google.com/document/d/1sYAubrrRnxZWM304Huf5u6_0Ns4jOoaA-xvPcj3txPQ/pub,3,1
5,Stats 250 Exam 1 Sp13 Problem 11A,https://docs.google.com/document/d/1jL2LvCoRx5fnfiDk3x3bMZZ4YM8bQG81T1ZtzVMc6dc/pub,2,2
4,Stats 250 Exam 1 Sp13 Problem 11B,https://docs.google.com/document/d/1eZXa-zcOdzOd2PmxS3yS54k_ZM8dRNpI1VK_qI3UC4I/pub,2,1
5,Stats 250 Exam 1 Sp13 Problem 11C,https://docs.google.com/document/d/1Afn4Ihsy3n_nTFPZzSBc1HQbe3RaQkS9v5P_xA-eMds/pub,2,1
5,Stats 250 Exam 1 Sp13 Problem 11D,https://docs.google.com/document/d/1vN_TZX1CxSnruMdMx-tPu4HW-F3VU5oyJedtm54j-SA/pub,2,1
5,Stats 250 Exam 1 Sp13 Problem 11E,https://docs.google.com/document/d/1WO1ACct924G8R8zVCXbqgKuArnoVzzEvZNyn79LlQpw/pub,2,2
4,Stats 250 Exam 1 Sp13 Problem 11F,https://docs.google.com/document/d/1KAze8_zOpmYwTRJdNLI8YVjnJRQq-yHP2jey3orDTqo/pub,2,1
4,Stats 250 Exam 1 Sp13 Problem 11G,https://docs.google.com/document/d/1RG9o-2PN6BFnrBDGju8t0trsB5bTkwebpcLFns3HNZM/pub,2,2
2,Stats 250 Exam 1 Sp13 Problem 11H,https://docs.google.com/document/d/1uCx7wjhOU-fctjGNEzIZeFu7PpQWTs5xMOTBTsvYrTo/pub,3,2
10,Stats 250 Exam 2 Sp13 Problem 1A,https://docs.google.com/document/d/1DsvjdQ3RUa6_utkl6Br9sfNBT16p-N25qRsT3ypd3NU/pub,2,2
10,Stats 250 Exam 2 Sp13 Problem 1B,https://docs.google.com/document/d/1AJuupK_vf7R5-a7PuDWgbiaePcY5uZu-X4yTDX-MObQ/pub,4,4
10,Stats 250 Exam 2 Sp13 Problem 1C,https://docs.google.com/document/d/1-TppitFq1FcNkytiwDObNdvJFvy-WawxbAZwoRxT7UY/pub,4,2
10,Stats 250 Exam 2 Sp13 Problem 1D,https://docs.google.com/document/d/16n-tkFPhAdVYKExQppzqsEH3mW_Xozpzs-7SvWYbGaI/pub,4,1
4,Stats 250 Exam 2 Sp13 Problem 2A,https://docs.google.com/document/d/1pROgJaPGtkJSKSan-HRXq91wCjYu0QlIhodc9ZjYlDE/pub,3,1
12,Stats 250 Exam 2 Sp13 Problem 2B,https://docs.google.com/document/d/1wDZcvmdPypXS95f7kkD9BlE7qNVcrlIwKB1C8oCmcRo/pub,4,2
12,Stats 250 Exam 2 Sp13 Problem 2C,https://docs.google.com/document/d/1qYWKnttgPNXJmIVlkGigv2I_ySnlXnm1Hpevt3HnUlY/pub,4,2
12,Stats 250 Exam 2 Sp13 Problem 2D,https://docs.google.com/document/d/1I4Vh8I0-JYdXc66qoIy7tZyxGij46dbVv5fGKzXQ_94/pub,4,3
7,Stats 250 Exam 2 Sp13 Problem 3A,https://docs.google.com/document/d/1sGXiUV6tNnA3nLGcU_vJY-glfFX3nLpugGb73K_Dahg/pub,3,1
7,Stats 250 Exam 2 Sp13 Problem 3B,https://docs.google.com/document/d/1m0Q9xLlUjdtKo7gLC11GWIh7laxjK_RIJBcZ_NkZQ7E/pub,3,2
12,Stats 250 Exam 2 Sp13 Problem 4A,https://docs.google.com/document/d/10WgbTo_wNXg7jpPZq1Na9MyGnzKCgooZOVJjaYxILzo/pub,3,2
12,Stats 250 Exam 2 Sp13 Problem 4B,https://docs.google.com/document/d/1luC0opigMCQCfa_5od5tYzFkr3280N3SVt15YEuWuJI/pub,4,2
12,Stats 250 Exam 2 Sp13 Problem 4C,https://docs.google.com/document/d/1mcOSFZc3oESXK2WB3BUHZ9sFWZz6DapHFJIMxYAkY5U/pub,5,2
8,Stats 250 Exam 2 Sp13 Problem 5A,https://docs.google.com/document/d/1q8Oiwq1Fyfa_OJwrVVbRfac55CSHDVE1SyYzXvzwX5Q/pub,4,1
8,Stats 250 Exam 2 Sp13 Problem 5B,https://docs.google.com/document/d/10Q7Hl-ZOtTg80HOinrCZ161xqdxcRJ-9kxagRz0MFYs/pub,4,2
8,Stats 250 Exam 2 Sp13 Problem 5C,https://docs.google.com/document/d/1XPwq2YmjRzL4mEbhOTTWIml_tHttGHDQAYgDH_Uw0rA/pub,4,3
9,Stats 250 Exam 2 Sp13 Problem 6A,https://docs.google.com/document/d/1m906kN5qtl7-M_ohSLYMRgj-vsq6uHIsPUPCakM-0dM/pub,4,3
9,Stats 250 Exam 2 Sp13 Problem 6B,https://docs.google.com/document/d/1YjnCynI957x-nCA24nrD2akWeKTwFH7llycnQCoRRtA/pub,3,2
11,Stats 250 Exam 2 Sp13 Problem 8A,https://docs.google.com/document/d/1Dj8ZrzTuZiGTyxL0yPWu78Kx7GnVV3wrooCc3KR_-Rk/pub,3,2
11,Stats 250 Exam 2 Sp13 Problem 8B,https://docs.google.com/document/d/1hfR50-0OFB7PIJGGK0ylCB0wOfCb2IcP1HeFK8-jBvk/pub,4,2
11,Stats 250 Exam 2 Sp13 Problem 8C,https://docs.google.com/document/d/1uSTwmkGD_-8QrcvPXVOEmhvAr2NeTgivx4WbeRwK_8E/pub,4,2
11,Stats 250 Exam 2 Sp13 Problem 8D,https://docs.google.com/document/d/1CuAlF-fUTTATv_xiBzaXs8UUfXYkXl195FbY9XxVoyk/pub,4,4
11,Stats 250 Exam 2 Sp13 Problem 8E,https://docs.google.com/document/d/1zK9o_Dj6H4czPm8_EjWjeMCp7T0IViVNjf0z4T183nA/pub,4,4
11,Stats 250 Exam 2 Sp13 Problem 8F,https://docs.google.com/document/d/1VQ7_Vv7-isCQg_7ey0k9a4ZGaMRujDTPqjYN9UkBLuE/pub,4,4
11,Stats 250 Exam 2 Sp13 Problem 8G,https://docs.google.com/document/d/1grxx2n_n1Ej9pWJlnYsfDO8TLuEX6FW2yBPaGWSKcJU/pub,4,3
2,Stats 250 Exam 1 W13 Problem 1A,https://docs.google.com/document/d/1LZK0rXNe53s5bsmliYamCIh1O8uLytgVSdysN4wEI3s/pub,2,1
4,Stats 250 Exam 1 W13 Problem 1B,https://docs.google.com/document/d/1pmonTQ2QrvJz1hznliUhzLypXgjhuos4jZPE3SjrZeY/pub,4,1
4,Stats 250 Exam 1 W13 Problem 1C,https://docs.google.com/document/d/1Ry5pVzQTkLzLsnxO2uJeFX4H-YKVEI0TYyc5Rsn2zNU/pub,4,3
4,Stats 250 Exam 1 W13 Problem 1D,https://docs.google.com/document/d/1l_Tfy74oe543Hmv3C_AtlGTIRylmDR6yYHfGzUaf6Gg/pub,4,4
1,Stats 250 Exam 1 W13 Problem 1E,https://docs.google.com/document/d/1QdtsBaKaXqDgDsJlKK-Ex1C9cjbeMTSuXvrROvFG85Q/pub,4,3
1,Stats 250 Exam 1 W13 Problem 1F,https://docs.google.com/document/d/1PU7oCPKFPyh0DoO--qAkTbxYjG938WMBDmvPnd8M-d4/pub,4,1
1,Stats 250 Exam 1 W13 Problem 1G,https://docs.google.com/document/d/1B2WNa0l50pBPtwsMQIs9otKynNamk4LDE2UAgHrNbsg/pub,3,1
1,Stats 250 Exam 1 W13 Problem 2A,https://docs.google.com/document/d/1JMcFo_-zu9gu0fwtkM7g_xQepVvlqT0L-wXZiMIHZQ0/pub,4,3
1,Stats 250 Exam 1 W13 Problem 2B,https://docs.google.com/document/d/1cCcttSj6Z_9N3yqF9EzPyjFI1IQ7ND5W3CNwBOcmBfM/pub,2,2
1,Stats 250 Exam 1 W13 Problem 3A,https://docs.google.com/document/d/1Pkr_nubatSuoBgvvhU-DecaAHMo4EDR0LCHzOBTagOQ/pub,4,3
1,Stats 250 Exam 1 W13 Problem 3B,https://docs.google.com/document/d/1cxx1vip34CwRLEHEQQ_bK8opcHaS7p2VwpsAcaKcnpo/pub,4,1
4,Stats 250 Exam 1 W13 Problem 4A,https://docs.google.com/document/d/1gWJ782G3p8cnse-Pe5qb8i6xHbXN5mJIeNzu7rkcczU/pub,4,3
4,Stats 250 Exam 1 W13 Problem 4B,https://docs.google.com/document/d/1PAGU5TBGEii81JxkOCIaM1B39RwZ21mbRPDNcmRN5qI/pub,4,1
4,Stats 250 Exam 1 W13 Problem 5A,https://docs.google.com/document/d/1z5qf48nRrGOuduAXWlzNqRvumFKdfcA3BqpwXkMgMSE/pub,5,2
4,Stats 250 Exam 1 W13 Problem 5B,https://docs.google.com/document/d/1nJWtK0PRnJiPmVJ-VCY49ZD5NcIAaS7aLYI8PlN9PpU/pub,4,4
4,Stats 250 Exam 1 W13 Problem 5C,https://docs.google.com/document/d/1YES7-UVuAWCPak1UhlYEhs6A7J_EEycw1H7anBP90Mc/pub,4,2
3,Stats 250 Exam 1 W13 Problem 6A,https://docs.google.com/document/d/1Em4LJvIpo-pKNBmY4xui8cS4_0IUoxS2gM8skMQibZI/pub,4,3
3,Stats 250 Exam 1 W13 Problem 6B,https://docs.google.com/document/d/1tBTSCwSL3GU90hXmia07Mk_tx6VjdrcqrxLECCoNX74/pub,4,1
3,Stats 250 Exam 1 W13 Problem 6C,https://docs.google.com/document/d/1dj-KSHD81E6Pf39byXG3TqMRYKzM6tlF2wRm9s24cvk/pub,4,4
3,Stats 250 Exam 1 W13 Problem 6D,https://docs.google.com/document/d/1DUUtlsBI3zuHi1j11X62F-qSdDI3pG7vlbN4shaqSIk/pub,2,2
3,Stats 250 Exam 1 W13 Problem 6E,https://docs.google.com/document/d/1uSyM-IdMc9LehFpRIHVVoLtnDz18nPXycwTC60yk09Y/pub,2,2
4,Stats 250 Exam 1 W13 Problem 7A,https://docs.google.com/document/d/1aDQ_uLwmfAB1h50mk28yHVaR6s6z522YThwTWgl4AeA/pub,3,1
4,Stats 250 Exam 1 W13 Problem 7B,https://docs.google.com/document/d/1Od8fSqZJ0dfklYUmKnMuGDZU9ntR65FhFIfTCmyYypU/pub,4,2
5,Stats 250 Exam 1 W13 Problem 8A,https://docs.google.com/document/d/1O3oBEDKB8dTgyjeCQ-CgfJdGTMa04u_LCZlIMsGhvrc/pub,3,1
5,Stats 250 Exam 1 W13 Problem 8B,https://docs.google.com/document/d/1ipzeD1h4HOGgiAbUhbxlTnmWzARUVyy152I2ioxsvWs/pub,4,3
5,Stats 250 Exam 1 W13 Problem 9A,https://docs.google.com/document/d/15LBS143NGCR8nJyp53WDZvqmw4hhfuy3ey592QLBqo8/pub,4,1
5,Stats 250 Exam 1 W13 Problem 9B,https://docs.google.com/document/d/1UYMkuICAelStxZWfYrssn83U5Ls9OAD3OGB9PbXXrgM/pub,4,3
5,Stats 250 Exam 1 W13 Problem 9C,https://docs.google.com/document/d/14ZRz-ZOu2g3QCEj6qgkeNMW_9oAd6qgVVTJyNsZwdKk/pub,4,3
5,Stats 250 Exam 1 W13 Problem 9D,https://docs.google.com/document/d/1YwcO1ud6hE3Tcz4nOApoDv8eZaaoIMCPKIfbPCLau_0/pub,4,2
5,Stats 250 Exam 1 W13 Problem 9E,https://docs.google.com/document/d/1Q80JUIxCXRZXqjS-yFj3F80KJ_MEpyn8SPZ2E-y_vFs/pub,4,4
2,Stats 250 Exam 1 W13 Problem 10,https://docs.google.com/document/d/1s-SdzR9PLiqegRZCZn8DHDWtS6zyC_RutMWy-hnOoHQ/pub,3,3
5,Stats 250 Exam 1 W13 Problem 11,https://docs.google.com/document/d/1mE_VMN4cGD6giAnRPBYIGtV_YUHri64R_6SYoJ6Irsg/pub,5,5
5,Stats 250 Exam 1 W13 Problem 12B,https://docs.google.com/document/d/10dI-1y7WYdhISDwLNz5QE-sL8vAD3oT04TjvZTWNbKs/pub,5,2
5,Stats 250 Exam 1 W13 Problem 12C,https://docs.google.com/document/d/10T-yLnuNVcG8SyNFTpj0T9luUjCrDpH8ktyll0E7Ejo/pub,4,3
9,Stats 250 Exam 2 W13 Problem 1A,https://docs.google.com/document/d/1fGX-ZgkfklxzSrJg0w8sF4zydJQ3OhHAZyt43uSeH_g/pub,4,1
9,Stats 250 Exam 2 W13 Problem 1B,https://docs.google.com/document/d/1XYqdtOBmDnAYhWz8nlxbsjndkqaX7w9XGHJzSvH0Xwk/pub,4,3
9,Stats 250 Exam 2 W13 Problem 1C,https://docs.google.com/document/d/19gtLMh3CVnJEF1R3nzeN8qV9GSep2ZrMhXOuXEfP8I4/pub,4,4
9,Stats 250 Exam 2 W13 Problem 1D,https://docs.google.com/document/d/1SHKdT4Wml6_mSN1oSWFEHK3P3F3o4ycNiPZGOgXgee4/pub,2,2
4,Stats 250 Exam 2 W13 Problem 2A,https://docs.google.com/document/d/16lcxG9WvVYhgnDLnw-8lZfvtbnPke63-_TMl3HBZzTg/pub,4,1
4,Stats 250 Exam 2 W13 Problem 2B,https://docs.google.com/document/d/1kQ4trma48RYr6ze6YvPIzchu6hA_s0wAqUyng1ol2AQ/pub,4,2
6,Stats 250 Exam 2 W13 Problem 3A,https://docs.google.com/document/d/15JkQG00oVNMhSHS04L-X5INvNOH4KaoIVvPK9MfYbSs/pub,4,1
6,Stats 250 Exam 2 W13 Problem 3B,https://docs.google.com/document/d/1KLXQdPJclraonSyoRUrQvvTx4avwsElpa0_Q3_sy4_w/pub,3,3
6,Stats 250 Exam 2 W13 Problem 3C,https://docs.google.com/document/d/1ufAMNd-4gikISLGWzMjplbOrvhzvTUp0SNnIt0LRdK4/pub,3,3
7,Stats 250 Exam 2 W13 Problem 4A,https://docs.google.com/document/d/1GqyCVqNCFHBqzFbng77HlYzTiuzU1dNTU54MmxLRAFU/pub,4,3
7,Stats 250 Exam 2 W13 Problem 4B,https://docs.google.com/document/d/1t_UYlqfc_bjPJ7LjxTvR87e6VCC-kz2jTP3ITeHYVEc/pub,4,4
7,Stats 250 Exam 2 W13 Problem 4C,https://docs.google.com/document/d/1MVEGpf0gFEBlA3zRrAgb8WVW3UvgO6sOWDpEgE6acW8/pub,4,1
7,Stats 250 Exam 2 W13 Problem 4D,https://docs.google.com/document/d/1_6NV-fdS7oVReTjfgrZYBV7F_siIdNrZDGlGsyyH3Fc/pub,4,4
7,Stats 250 Exam 2 W13 Problem 4E,https://docs.google.com/document/d/1LO9Zp_3yMw854Rh1x5U4Neoq8bPprWDtRgdzw6bN1Ug/pub,4,4
7,Stats 250 Exam 2 W13 Problem 4F,https://docs.google.com/document/d/1uQ6mCx0fCjiQPIuwy_XuGWzcoRyjYaMHon0y7fcorvU/pub,4,1
2,Stats 250 Exam 2 W13 Problem 5A,https://docs.google.com/document/d/1YuM3W3_BhaqG3IFUjYYYDSXUbQjASrKmrb-YKNUHPA4/pub,2,2
8,Stats 250 Exam 2 W13 Problem 5B,https://docs.google.com/document/d/1CtzgB53Vz-xwaWuEcVhGq6QcSvwLM1kBs9I-WBxN87I/pub,4,3
8,Stats 250 Exam 2 W13 Problem 5C,https://docs.google.com/document/d/1OFhjlp2agEtQAAkmiC4yePHJt9EzBLwuB56_kFB50AU/pub,5,2
8,Stats 250 Exam 2 W13 Problem 5D,https://docs.google.com/document/d/1G87r7bIGKVGhQOI9Wz6Am9ECnhR3g5ovimGFq_6s_mQ/pub,4,1
8,Stats 250 Exam 2 W13 Problem 5E,https://docs.google.com/document/d/1tnXkorWJFmDizNdVLkOa8Y45VcHR6KchBFr1AZewTIU/pub,4,1
8,Stats 250 Exam 2 W13 Problem 5F,https://docs.google.com/document/d/1QF79IlUkgx1up1Gme-2GYyevkpXGDUUdkAvAMfCYIqs/pub,4,2
5,Stats 250 Exam 2 W13 Problem 6A,https://docs.google.com/document/d/1cpBFScHJzdzmmnp7Jfs20-4XYp1GsmmSzO_8LA7QS7g/pub,3,2
5,Stats 250 Exam 2 W13 Problem 6B,https://docs.google.com/document/d/18Q5W8jnJRAFSGbnca--kaR2Z6UKAFlnRU-6n16zxWiQ/pub,3,3
5,Stats 250 Exam 2 W13 Problem 6C,https://docs.google.com/document/d/1zwSAGRJdg0wmxuW0QN3wwgNvAInwvJl4qbzHsbERMv4/pub,4,3
5,Stats 250 Exam 2 W13 Problem 6D,https://docs.google.com/document/d/1omwa-C72tX5wthniaLYOzZuO8Y58tGOFn0hR5W5FCZQ/pub,2,1
7,Stats 250 Exam 2 W13 Problem 7A,https://docs.google.com/document/d/18giqdnrD7qyUc46frekevzXCk6zIjRVghToShoihSTA/pub,4,1
7,Stats 250 Exam 2 W13 Problem 7B,https://docs.google.com/document/d/1uwuXOfoSRIOgsHIN1VBAYzh8aSstDMb3n5KZrNDpClQ/pub,4,2
7,Stats 250 Exam 2 W13 Problem 7C,https://docs.google.com/document/d/1FloqRB3METBY_UlgvAbjbJeTPI3fhJQ4aG7nJY51PLY/pub,4,1
7,Stats 250 Exam 2 W13 Problem 7D,https://docs.google.com/document/d/1oKw50wdZYfoga2XUF4Hk5ltMcBFtiOU5gyc37M0W8oI/pub,4,4
9,Stats 250 Exam 2 W13 Problem 8,https://docs.google.com/document/d/1_PRalDfAPCyfC4_ZHn_mWTu4iO2sxa3WdyJjrJLLYso/pub,5,3
6,Stats 250 Exam 2 W13 Problem 9A,https://docs.google.com/document/d/1zuBpvWFdaMAHWv_FOfvoVs8M3XN0wBpYGTjAhmsoPzI/pub,5,2
8,Stats 250 Exam 2 W13 Problem 9B,https://docs.google.com/document/d/1BnKUXJYdwPX7LxkrzrQBRTp0HHm21FBfIfnaFnCDBps/pub,5,4
9,Stats 250 Exam 2 W13 Problem 9C,https://docs.google.com/document/d/1Mrpi70s6X7bNyOL4S9Ey_mgcssKKU-SZyThAI2jmDQk/pub,5,5
5,Stats 250 Exam 2 W13 Problem 9D,https://docs.google.com/document/d/1R_JOersB7Fdale2In7qNm9FT9-6SXvcoDSD7tf70zxE/pub,5,1
10,Stats 250 Final Exam W13 Problem 1A,https://docs.google.com/document/d/17zYCYpws-NKLNzbFzgdt6Hx1zLwNhO8tqXt-z4h5kFU/pub,3,1
10,Stats 250 Final Exam W13 Problem 1B,https://docs.google.com/document/d/11U4VYwMw4InfIyKdCziVzSVjgkAE8qdnKVVWXjKiy9g/pub,4,2
10,Stats 250 Final Exam W13 Problem 1C,https://docs.google.com/document/d/1niwrQZNtzzUA9JNJqHjaEUvfoYNpVkdEIz3cpL6cRBk/pub,4,3
10,Stats 250 Final Exam W13 Problem 1D,https://docs.google.com/document/d/12_R-kgUruPh8-NNLSDfTaVzlBs3RyjesAJbcu3qXBXk/pub,4,4
10,Stats 250 Final Exam W13 Problem 1E,https://docs.google.com/document/d/1Cad229wpIBHW2yWP8x0tkav8wSitQuvY59Po74DPEoQ/pub,4,2
12,Stats 250 Final Exam W13 Problem 2A,https://docs.google.com/document/d/18cZL40VAQhXlBQfMzZRyFk5c3DiRHZKSWwSSLthPHgI/pub,3,3
12,Stats 250 Final Exam W13 Problem 2B,https://docs.google.com/document/d/1mZtch5xZ91nPnsMvoXYtqPqIyfIJscl5BepcyULGYVM/pub,4,2
12,Stats 250 Final Exam W13 Problem 2C,https://docs.google.com/document/d/1p20MEzr4SZilTUMQlXXpPaBH0YH3dfbRRycpWDms8GA/pub,4,3
12,Stats 250 Final Exam W13 Problem 2D,https://docs.google.com/document/d/1-IMyiT-o6K2gbUJSikLd0_YTnQmTSjXMHhEst6GViEw/pub,4,2
2,Stats 250 Final Exam W13 Problem 3A,https://docs.google.com/document/d/1NSoDDhdaSiJTkIMEVFwl8vJOD5Gx2jfliILaAGC5U2o/pub,2,1
9,Stats 250 Final Exam W13 Problem 3B,https://docs.google.com/document/d/1UaOxyzOpWKfyJcCnxCXEQFtRJazov7_AYv8Xykrf-_0/pub,4,4
9,Stats 250 Final Exam W13 Problem 3C,https://docs.google.com/document/d/1OeCfk3OxTP5R5yqHAH6qcBxY0LAZiCoOkv2rzv8ZNVo/pub,5,1
9,Stats 250 Final Exam W13 Problem 3D,https://docs.google.com/document/d/1K-V0Y5vkcyZqG3QL4w6CTuvSyIamxQTs_YfPtJQyH4A/pub,4,2
9,Stats 250 Final Exam W13 Problem 3E,https://docs.google.com/document/d/1w74SZk57Q2TMmJ6gMtQUCPTIvmzBShveEM1evhUG8-I/pub,3,2
11,Stats 250 Final Exam W13 Problem 4A,https://docs.google.com/document/d/1WQaNmtRgTrRGdbdhCHTFYYD20DwI3hCZzg6wQokbLNc/pub,4,4
11,Stats 250 Final Exam W13 Problem 4B,https://docs.google.com/document/d/159rGei8iladdRZ6L6rDEgFTJ8OIPUES51INO5WyAKnM/pub,4,3
11,Stats 250 Final Exam W13 Problem 4C,https://docs.google.com/document/d/1ypplLKTteGRXy4ae7Vs4kFuvpryM-WpDkjMiFzKPhu8/pub,5,3
11,Stats 250 Final Exam W13 Problem 4D,https://docs.google.com/document/d/1jS9XegB_gZBI3lOV4hz535LAxEl9ytmQ-Pr6AhucHL8/pub,4,4
11,Stats 250 Final Exam W13 Problem 4E,https://docs.google.com/document/d/1yjoRgLgiB5dMddoP_w95MOHyZW3B80F7G6nM4v6bw44/pub,3,2
11,Stats 250 Final Exam W13 Problem 4F,https://docs.google.com/document/d/1yUBvOeIVhS6tCuQBmCwNkj5lU_ExvOx9ZoscJVHGf1A/pub,4,3
11,Stats 250 Final Exam W13 Problem 4G,https://docs.google.com/document/d/14imX-DbpsOu8TJMkiAZx58i1D_kKkhSg_U12jvwk2QQ/pub,3,1
11,Stats 250 Final Exam W13 Problem 4H,https://docs.google.com/document/d/1CsQenwQHUZ9uHn1A9RrHWYnJmdxKYDdxhz7ubksiLRU/pub,3,2
11,Stats 250 Final Exam W13 Problem 4I,https://docs.google.com/document/d/11HMtg9J4lLxsx5F0g308qy_85yUX4KerclqRGgoyMKw/pub,4,1
12,Stats 250 Final Exam W13 Problem 5A,https://docs.google.com/document/d/18xLRJQiRi8TfC2siX8DITb1D0pUHpBd1WFKJDEKXCQE/pub,3,2
12,Stats 250 Final Exam W13 Problem 5B,https://docs.google.com/document/d/1dSJ7M5HAZofMAixwaNnY-9eVWyHmPYK0LqDpn2S7SpU/pub,4,4
12,Stats 250 Final Exam W13 Problem 5C,https://docs.google.com/document/d/1taEGaXWTcVHLI14o5YexBjGG2PCzKo9TCnhntjeJolM/pub,4,1
12,Stats 250 Final Exam W13 Problem 5D,https://docs.google.com/document/d/1O5C0GP7bt57pz-A4o_HvahLQMRF46MkKoSPrLJ36Jq4/pub,2,2
12,Stats 250 Final Exam W13 Problem 5E,https://docs.google.com/document/d/1oGwftzi86zzlPA8hTLW_2-tlezYEA0Zp9C0xRHYyCvs/pub,4,4
8,Stats 250 Final Exam W13 Problem 6A,https://docs.google.com/document/d/13H9uj59jnkpLr-MFsE2xKHN2tee8HLXoqzQUahYDcIg/pub,4,3
8,Stats 250 Final Exam W13 Problem 6B,https://docs.google.com/document/d/1R0h1R_eKT9oBrw5PJ6f3z_rGhL7nWE95pwgJssUF4sE/pub,4,2
8,Stats 250 Final Exam W13 Problem 6C,https://docs.google.com/document/d/1FA5-X_zST6OIBdy5OAIyFR_3a-oDQ758EI6wAaxJjQg/pub,2,1
8,Stats 250 Final Exam W13 Problem 6D,https://docs.google.com/document/d/1JyhUNtr57zBk-csrvAL5zPxkBCkmnVaGkCJPXlvG2Ok/pub,5,5
1,Stats 250 Final Exam W13 Problem 7A,https://docs.google.com/document/d/18Iqus_K0EHAd9EhqA1fEe46BiBGJnm3eGsQpQHs7n0M/pub,2,1
1,Stats 250 Final Exam W13 Problem 7B,https://docs.google.com/document/d/1AlQDNy6APJ4_PmSQad2-0b4KfWx3KBr6Ysczl7-wLCI/pub,3,1
1,Stats 250 Final Exam W13 Problem 7C,https://docs.google.com/document/d/1FlAAN3soZ6CA19GxGPhZ5qXQuuEgbSWlQZMAABRdFoc/pub,4,3
8,Stats 250 Final Exam W13 Problem 8A,https://docs.google.com/document/d/13XykMXHg-94KnRCjtTszmw0KwtfA8NwnmPI79oowBfg/pub,7,7
8,Stats 250 Final Exam W13 Problem 8B,https://docs.google.com/document/d/12seHdQEZXk89NvKskiQxtNIJUk60MZNRt-SkxboX44I/pub,3,2
3,Stats 250 Final Exam W13 Problem 9,https://docs.google.com/document/d/1UDNrS0TLGL_U2WkH_hT2OTYQ_-8WaOhF0cWmoDPs-nY/pub,4,2
2,Stats 250 Final Exam W13 Problem 10A,https://docs.google.com/document/d/1W4pDiLw3oj3nCefdAK2Ag8FNvqd1I2YLmdZkU6oWGaY/pub,3,2
5,Stats 250 Final Exam W13 Problem 10B,https://docs.google.com/document/d/1AEfMaEDr9AaxcNZ1sopf0bM65Vb2Cx1t8H8ZSZSBx7Y/pub,3,2
4,Stats 250 Final Exam W13 Problem 11A,https://docs.google.com/document/d/1nLvqQxaIyHj8Q9DZ-2PW8VAKO3x4DuUc0GQ-uel2bNA/pub,4,1
4,Stats 250 Final Exam W13 Problem 11B,https://docs.google.com/document/d/17MS1RI1syDCKIeS7DwXBnHEPfNEgrP0BrVTZf9S553Q/pub,4,3
5,Stats 250 Final Exam W13 Problem 12,https://docs.google.com/document/d/1GJ_RpO1_iXqz9DsIfzqextEwo0ZKTaI1pDy62OcnnoY/pub,3,2
1,Stats 250 Exam 1 F12 Problem 1A,https://docs.google.com/document/d/1_lTkcE2C2vN1uinYm05kN6M5KDkImzmjQCSGTLZsloM/pub,2,2
1,Stats 250 Exam 1 F12 Problem 1B,https://docs.google.com/document/d/125OVjuTpKfFKk5ZgtuCsHVfuJGhcKB9vTE8WC6ZlxK0/pub,5,3
1,Stats 250 Exam 1 F12 Problem 1C,https://docs.google.com/document/d/1eCDUYhPrnG260tQbM2eXJ9w1vOYH9VCuloXNwlfIav0/pub,3,1
1,Stats 250 Exam 1 F12 Problem 1D,https://docs.google.com/document/d/1btf4EAJfpUrsLUBM1pit-D8XFg_phrmNcsqDgSykg3A/pub,2,2
1,Stats 250 Exam 1 F12 Problem 1E,https://docs.google.com/document/d/1dI5nobk5dnYa6NrKEy9sv6EBPi3eW4OQtB0ODhRjg8Y/pub,2,2
1,Stats 250 Exam 1 F12 Problem 1F,https://docs.google.com/document/d/1xeq0jCIH1vRgzX0kmY20tl-7zpmOt789qqPNFf3eUog/pub,4,2
2,Stats 250 Exam 1 F12 Problem 2A,https://docs.google.com/document/d/1iA20a3PP0zk7TSpBP6oyN5Q5iIkw2Kio0Ll4WMyUPZc/pub,2,1
2,Stats 250 Exam 1 F12 Problem 2B,https://docs.google.com/document/d/1F8MrAKMTQxErYoIR6v6-HfWh4NyB1PhcJWGy7zkF4lk/pub,4,1
2,Stats 250 Exam 1 F12 Problem 2C,https://docs.google.com/document/d/1nAO-HSM5Yqq0bKkh6ab4hP88CP68eHYgjdxyKYALvg0/pub,3,1
2,Stats 250 Exam 1 F12 Problem 2D,https://docs.google.com/document/d/1rgmQ3sH_hs9ioZaTSbyGaWjMaO3aNVV_9tgJ_aYNQP8/pub,2,1
2,Stats 250 Exam 1 F12 Problem 2E,https://docs.google.com/document/d/1fFhiTC4kwo-464yg6v_-x4FlXaW_fz1_H19GBQTzGbc/pub,3,2
2,Stats 250 Exam 1 F12 Problem 2F,https://docs.google.com/document/d/1nYBg1cWfEzF6O55nypgX5JzxLjGDCKgR0Oz5bDaHj_M/pub,2,2
2,Stats 250 Exam 1 F12 Problem 2G,https://docs.google.com/document/d/1p-QL_YKB_s4RNfl9NtAj55BuyPR56auAhzmM0dQWNlU/pub,4,2
2,Stats 250 Exam 1 F12 Problem 2H,https://docs.google.com/document/d/1dUDszD9B6ew4KGO1fbPO6qHS0ouabJDX_lnYw9AG_Ro/pub,3,3
3,Stats 250 Exam 1 F12 Problem 3,https://docs.google.com/document/d/1tTiAAz2vxxW0ifPzIneixVAThVppcCJkmhCnReTOU-M/pub,2,2
,Stats 250 Exam 1 F12 Problem 4A,https://docs.google.com/document/d/1rBCM4emKSOf6E2et1LXAIz9JnNguGTyzr9BMSNJVG7k/pub,4,4
4,Stats 250 Exam 1 F12 Problem 4B,https://docs.google.com/document/d/19Jz7DIPUFhlBUo8QsQ24RtR3ELRPMk7oplGqd4W4530/pub,4,3
,Stats 250 Exam 1 F12 Problem 4C,https://docs.google.com/document/d/10DhO4u9uspYhmR5SO9wHDHnyaatLAEqbO_ulkj-inpk/pub,2,2
1,Stats 250 Exam 1 F12 Problem 5A,https://docs.google.com/document/d/1cAt2OR3n_xEYy5Q5Yt3KHFDBDvlLIiwd2Sg1Dj5k4E4/pub,3,3
1,Stats 250 Exam 1 F12 Problem 5B,https://docs.google.com/document/d/1uiN2V7q0PyU0tcoQa7tcGDB1Sl3pGdoQXpOtg5epYYE/pub,4,3
1,Stats 250 Exam 1 F12 Problem 6A,https://docs.google.com/document/d/1aQG3uVPjNkMB9ac8YN-FHDuUB48IldvPBqSFEEmh1JI/pub,4,1
1,Stats 250 Exam 1 F12 Problem 6B,https://docs.google.com/document/d/1QAYKOX1CJ6MDFxpLxvAMpKCSYKeyZEHBHADmkvgnsXo/pub,4,2
5,Stats 250 Exam 1 F12 Problem 7A,https://docs.google.com/document/d/1cgG50N5RHVdcYw_aZUI9-F3dk08OqOaJLYUDts0TmEQ/pub,4,1
5,Stats 250 Exam 1 F12 Problem 7B,https://docs.google.com/document/d/166SMgiabfin90qggMM7l8GcoU-4Uj4uVX7C4GugusX4/pub,2,1
5,Stats 250 Exam 1 F12 Problem 7C,https://docs.google.com/document/d/1PG7GQoSr5mWjJ7O6EEov5lrmOQEUARrwRYFnAGWc5oA/pub,3,1
5,Stats 250 Exam 1 F12 Problem 7D,https://docs.google.com/document/d/1L0Dc7S7usU1QvzMWK_Xcbqt-FPwI0CaaFmV6W1JaYvE/pub,4,2
5,Stats 250 Exam 1 F12 Problem 7E,https://docs.google.com/document/d/1nhMSqtTzrWR8lIQM2aYbrF5X1GrWQdvAMNlZksc3Sjw/pub,2,1
5,Stats 250 Exam 1 F12 Problem 7F,https://docs.google.com/document/d/1rDM72XA7kh8kB69OwhFM102YfqJg9Qzz64olxlwypmw/pub,4,2
5,Stats 250 Exam 1 F12 Problem 9,https://docs.google.com/document/d/1cq9-s4Fhz7uWP11XlYGGaTX3lBgw_MzU7soOetbxG-c/pub,4,2
4,Stats 250 Exam 1 F12 Problem 10A,https://docs.google.com/document/d/1W0G3JB3NrLhi9_LJBo3VMLZlK2LUChnmoywQzKeZPHA/pub,4,2
4,Stats 250 Exam 1 F12 Problem 10B,https://docs.google.com/document/d/1TScOoM69LyVlo50nqmj9Qd7VnntiYP3qgy7ieUG1DfA/pub,4,3
7,Stats 250 Exam 2 F12 Problem 1A,https://docs.google.com/document/d/1-3T8IbEhy6mEXWRCw-CooAEPUBtvz7gbXYD1fXOrf7s/pub,4,1
7,Stats 250 Exam 2 F12 Problem 1B,https://docs.google.com/document/d/1wg3LgYjDLwykm-TUADFU7u-qvCvgR00CfJPxIcpWwPA/pub,4,2
7,Stats 250 Exam 2 F12 Problem 1C,https://docs.google.com/document/d/1sGfusZ9i_Dim-r75wiSMGkydDT0Dq9J4gP6RVPpyw2U/pub,4,1
7,Stats 250 Exam 2 F12 Problem 1D,https://docs.google.com/document/d/1jFfhVcF3uGGSCaegQ44oXXFigrxhGgTwrrPmPVrfG8c/pub,4,4
7,Stats 250 Exam 2 F12 Problem 1E,https://docs.google.com/document/d/1-kjGK97Czg7yVDeQspoOcTDuENCY4rg9d5aD1oWu5OM/pub,4,2
8,Stats 250 Exam 2 F12 Problem 2A,https://docs.google.com/document/d/14y91wm1-G8fxnO9jUlBtGF4yDXt2USFIii7tuZwkWYg/pub,4,1
8,Stats 250 Exam 2 F12 Problem 2B,https://docs.google.com/document/d/1VLy0jfyAM6iD2MTdNj8S9r6_ifFrAqgHpWpTdb6dbQk/pub,4,1
8,Stats 250 Exam 2 F12 Problem 2C,https://docs.google.com/document/d/1e70YF5OemhU_E0QD-DrVXL5UdMGkKplOX1dZIqeBM_Q/pub,4,2
5,Stats 250 Exam 2 F12 Problem 3A,https://docs.google.com/document/d/19JIERzps98TiX_HUhpfSqiJyT2S5-joU8181yOyZ9C4/pub,4,3
5,Stats 250 Exam 2 F12 Problem 3B,https://docs.google.com/document/d/1wRkhh6ueLfwKeDQnf1RQwufuTtb8t7iWRyaIJ7-gpaE/pub,4,4
5,Stats 250 Exam 2 F12 Problem 3C,https://docs.google.com/document/d/1xkp7ftOjQXSWuPGBy8RdM5GeiTkHP9Vo40HI3QLXOQM/pub,2,2
2,Stats 250 Exam 2 F12 Problem 3D,https://docs.google.com/document/d/1YiFFrPOACP8voJy5zI-nhntnYvzH9yzpIOuitgT04XQ/pub,3,2
5,Stats 250 Exam 2 F12 Problem 3E,https://docs.google.com/document/d/1p1l9YOgJn8uO3GXAsESYNIDQE5BYFwZwDBKi0zH4JC0/pub,4,1
9,Stats 250 Exam 2 F12 Problem 4A,https://docs.google.com/document/d/1mwlg6y8UMdNyViwtII8LiDtg3H8Xct0S8BMiQ0mLsKQ/pub,4,3
9,Stats 250 Exam 2 F12 Problem 4B,https://docs.google.com/document/d/1GFRtOBdaRCLkfy6KPFzBiOk913ErmmcoIyUV20C_Tog/pub,4,2
9,Stats 250 Exam 2 F12 Problem 4C,https://docs.google.com/document/d/1JPQJgeDqcYW6KeSWD7JoDQs_u5Log6hWbu9AMTT-HvM/pub,4,1
9,Stats 250 Exam 2 F12 Problem 4D,https://docs.google.com/document/d/1VFARicYMzSpQyhOomaoRIuisRNC_5RmxOB8p-vHB1rY/pub,3,1
9,Stats 250 Exam 2 F12 Problem 4E,https://docs.google.com/document/d/1mgOFj6uUbSLVUsTUjwOUsV6R9r5AgkNtXGRVI2pSdpA/pub,2,2
5,Stats 250 Exam 2 F12 Problem 5A,https://docs.google.com/document/d/1dH9EIcxnR1F_wzfFGhykBtOCqZkdJ-t-yVwH7Xdtn8A/pub,2,2
5,Stats 250 Exam 2 F12 Problem 5B,https://docs.google.com/document/d/1TjTsY_L86YRXIQXuweIR6ixdZAxlCMqcYJWKoGJvpK4/pub,5,3
5,Stats 250 Exam 2 F12 Problem 5C,https://docs.google.com/document/d/1TfQXiZZ6lcpUI94_-uJTf6V8dLPqV_CpYae_3kIkmOE/pub,4,1
4,Stats 250 Exam 2 F12 Problem 6,https://docs.google.com/document/d/1-6Rk_msIN6ZlzjbbX4GV10NMz2UFRBH6GxKx6MQFR98/pub,3,1
6,Stats 250 Exam 2 F12 Problem 7A,https://docs.google.com/document/d/1N6DylNeKuSJb3OR80cSYHJCsN5AW8m70wWmQ3bHUjcM/pub,3,1
6,Stats 250 Exam 2 F12 Problem 7B,https://docs.google.com/document/d/16o9QElz3XaaPgfJHkhnO-5UixVUxOGbbzctYYRJB5f8/pub,4,3
6,Stats 250 Exam 2 F12 Problem 7C,https://docs.google.com/document/d/1Xy2dIz3JzVKxtm3PiiMN0X0qkIR9lkWWPuN9PBDrZLg/pub,2,2
6,Stats 250 Exam 2 F12 Problem 7D,https://docs.google.com/document/d/1ir73aSp9Emh7cIA8oUdPolMgcPuRLlUQnxCHRpMfXrs/pub,2,1
5,Stats 250 Exam 2 F12 Problem 8A,https://docs.google.com/document/d/1_yIxFQzlCKJ31Dy6gWXn7tHj06d6zWKuXhDBOqKSQcQ/pub,4,3
5,Stats 250 Exam 2 F12 Problem 8B,https://docs.google.com/document/d/1DlB6Exs6hM8Si48Joc4eo3WnUhF3mr7CRabOrQWEslc/pub,3,2
1,Stats 250 Final Exam F12 Problem 1A,https://docs.google.com/document/d/1Q9dZtfl4dTAgABB_UuQibAucN3L2o94C_fZwMCsklRQ/pub,3,1
12,Stats 250 Final Exam F12 Problem 1B,https://docs.google.com/document/d/1npWs3YKyaSgCFEqum5rB4aTBhp4wbSGgR77yiFDGrO8/pub,4,2
12,Stats 250 Final Exam F12 Problem 1C,https://docs.google.com/document/d/1rYCt_rVTnrgtRel6xeyX9tb8IngzRkh6RqM2qe-VW5g/pub,4,3
12,Stats 250 Final Exam F12 Problem 1D,https://docs.google.com/document/d/1sMgjSS571Y_iOKmyVcbQK2O-KnJBkt0_ihtrWZmjxwA/pub,4,2
12,Stats 250 Final Exam F12 Problem 1E,https://docs.google.com/document/d/1GMiivUW-EqQKLZSQg_1cbrU1yRT5SRYAwLcI0dEnhJg/pub,4,2
2,Stats 250 Final Exam F12 Problem 2,https://docs.google.com/document/d/1-cesA8bA7v_QPGLMrtJp83bxEYX7iJ2YKS-GMv0m6ik/pub,4,4
7,Stats 250 Final Exam F12 Problem 3A,https://docs.google.com/document/d/1Y_6UNhWSZPEG54wPDM4Tl4IxcVDQCQsJuw0d22oAt0s/pub,4,2
7,Stats 250 Final Exam F12 Problem 3B,https://docs.google.com/document/d/163NRFwrbJLpsPQihTIY3T67MWWmZKByiYKtwKwbsVR4/pub,4,3
5,Stats 250 Final Exam F12 Problem 3C,https://docs.google.com/document/d/1tdEXK_fFbaRli2YibqxGSEd_OTSEq88jqgKFvQxOgo4/pub,2,1
7,Stats 250 Final Exam F12 Problem 3D,https://docs.google.com/document/d/1VVz7uZ_dtVZeLI0jMD50005DWRQ2vyEt2xTE9PQz7pA/pub,4,3
7,Stats 250 Final Exam F12 Problem 3E,https://docs.google.com/document/d/12zpnj6QAD1Jq9PrRajA4h7cLDBxooa26pJFKeD3CqaQ/pub,4,2
11,Stats 250 FInal Exam F12 Problem 4A,https://docs.google.com/document/d/1QapfgUzVHh9o61atT0bkrG6tuwG9wEn0t0ZFIKvuBdY/pub,4,1
11,Stats 250 Final Exam F12 Problem 4B,https://docs.google.com/document/d/1npMpkDlwQKArovhxT8LGG-q8iaGWyd1NJlXYf6CaHuQ/pub,4,2
11,Stats 250 Final Exam F12 Problem 4C,https://docs.google.com/document/d/17T-gmcyrW0x36cOVC0Le4aTsygFmrpveKBut50GQpfg/pub,4,1
11,Stats 250 Final Exam F12 Problem 4D,https://docs.google.com/document/d/1NYIkgznd2NG4ubiV0HrkLgJHvPD7Xh1rLOY2luX5Tps/pub,4,3
11,Stats 250 Final Exam F12 Problem 4E,https://docs.google.com/document/d/1uf0fJcCk_MOH13W6ZgYYAR_uWaVv9sIFasHenrAoCGM/pub,4,1
11,Stats 250 Final Exam F12 Problem 4F,https://docs.google.com/document/d/1z-k1zMqIYsm6UgFyCpH1gPhvB1g_yN1vg5audwYeSCY/pub,2,1
11,Stats 250 Final Exam F12 Problem 4G,https://docs.google.com/document/d/1jr0WG1dC1a3XzmHF32zcZOQMBylQbkd2Bk-VpK3QV4I/pub,3,2
11,Stats 250 Final Exam F12 Problem 4H,https://docs.google.com/document/d/1IwzaKbzgWHx3TpWUMY1QECmJATBb1yH5p8a1ZUIsd7Q/pub,4,4
11,Stats 250 Final Exam F12 Problem 4I,https://docs.google.com/document/d/13f_Ol3eNdI-HkucN5KnbSj07sVy2DLoznPRAZC78O1I/pub,4,1
12,Stats 250 Final Exam F12 Problem 5A,https://docs.google.com/document/d/1FaLs-hvSTXntlGMq2d_Wqa2xd6uVI2IEyIxXDvRooB8/pub,3,2
12,Stats 250 Final Exam F12 Problem 5B,https://docs.google.com/document/d/1sRLMfi4qTn-FzlKOVJyWjBFlxoGwUndFB6fzBJ-_wdo/pub,4,2
12,Stats 250 Final Exam F12 Problem 5C,https://docs.google.com/document/d/1UBVrfQ2K5VpRcOWbpD-XBOqdmBTllz7N7h2KtPHjBl0/pub,4,3
12,Stats 250 Final Exam F12 Problem 5D,https://docs.google.com/document/d/1bV_AfLMMNDAq-APrezDOZPKINiLqPaxcrjxdxQWD55s/pub,4,1
12,Stats 250 Final Exam F12 Problem 5E,https://docs.google.com/document/d/1b7h2geHi6h-XymY1fEqfvnLe1r--OBaA8D2Y3ZUe6AQ/pub,2,2
10,Stats 250 Final Exam F12 Problem 6A,https://docs.google.com/document/d/1AhE8zYVFs-EiwxaaGtmIu31mFNtJn0WkHBzSpWr2GkQ/pub,3,3
10,Stats 250 Final Exam F12 Problem 6B,https://docs.google.com/document/d/1g5QKkj5uGhHtThVszjQuOhIyU07B7ag31ZPS8P1MdpU/pub,4,2
10,Stats 250 Final Exam F12 Problem 6C,https://docs.google.com/document/d/1v0PWF5E8ECGXfXeYKyTYMLKDBz7l_07QkFUXhhu9R0U/pub,5,4
10,Stats 250 Final Exam F12 Problem 6D,https://docs.google.com/document/d/1GzAyGZvXhzfALd21n7eGgx2ve_AJm96Sc7naIrZbJy0/pub,4,1
10,Stats 250 Final Exam F12 Problem 6E,https://docs.google.com/document/d/1WhyJ-LK1ujDr1DDm0-pY8kwayH84R1MI3I1WLLZDiwc/pub,2,2
10,Stats 250 Final Exam F12 Problem 6F,https://docs.google.com/document/d/1HcIfggRdlAlINTvFijkJYlN1nWQEITMt-YF2INlBiwA/pub,4,1
4,Stats 250 Final Exam F12 Problem 7,https://docs.google.com/document/d/1jEnrXIAu0j6W6eDD0KSbboPT7yYl3bHn34BMjVza-8Y/pub,4,1
9,Stats 250 Final Exam F12 Problem 8A,https://docs.google.com/document/d/1k4YaSNeTrY6ToR64YZ6X6SV7EUl-9veRQv00NhhKA5E/pub,2,2
9,Stats 250 Final Exam F12 Problem 8B,https://docs.google.com/document/d/1ZzJbCwmdX4HyOQCs2JrLCnEBDr768yxExlJdgEPf19Y/pub,4,4
9,Stats 250 Final Exam F12 Problem 8C,https://docs.google.com/document/d/1jC-bAgJ2XVyVxELZhOofowShA4DZ8ae_jBtGTsu5yVU/pub,2,1
5,Stats 250 Final Exam F12 Problem 9,https://docs.google.com/document/d/1C6q4hzQy-WND27ereIfANqCQ7LvqywVRSi-ruZW9uGw/pub,4,1
5,Stats 250 Final Exam F12 Problem 10,https://docs.google.com/document/d/1ztRRn5tsE1OdUJHTjuBGQxPDttMNKgrxTBBi_bAuaa0/pub,4,3
5,Stats 250 Final Exam F12 Problem 11,https://docs.google.com/document/d/1FvMp3CU8tO8aXPrKJ1ZldQYSOJ47kB18aiywZ2lVHUs/pub,4,3
1,Stats 250 Exam 1 W12 Problem 1A,https://docs.google.com/document/d/1z6_7bdexylVBQzOJ8eUbgc1q0kJMFvOwZ0_UZkHYtT4/pub,4,2
1,Stats 250 Exam 1 W12 Problem 1B,https://docs.google.com/document/d/1bzPz0YS8q6WA8x0xAX09763jCaaxOTqBdgW836GeW2I/pub,5,4
5,Stats 250 Exam 1 W12 Problem 1C,https://docs.google.com/document/d/1bpklPhDGqibkbE8WpH8S5S0nfhd5RzMPbXqpkA9GN9w/pub,4,3
2,Stats 250 Exam 1 W12 Problem 2A,https://docs.google.com/document/d/1rS8EFnwQsS2pHEkgG4qzEx-O6SN1rCRUjHroKhbK1DM/pub,2,1
2,Stats 250 Exam 1 W12 Problem 2B,https://docs.google.com/document/d/1flZ01MYNDK6mUkxT1pA3qtIuFJwG1scw2BsJvqq3Kao/pub,2,1
1,Stats 250 Exam 1 W12 Problem 2C,https://docs.google.com/document/d/1AgCUUZUAZg187ohWKUqLAeXljAAYjR6kxxNDJqWW-yQ/pub,3,1
1,Stats 250 Exam 1 W12 Problem 2D,https://docs.google.com/document/d/1FiDTtU4Aa3TW011dtzolER2lwla717NVlz7Ah7xzb78/pub,5,4
5,Stats 250 Exam 1 W12 Problem 3A,https://docs.google.com/document/d/1ZGoxUVkd5BJSpnwbBYLx66bZuLwOwNeuP_USZm7jfP4/pub,4,2
1,Stats 250 Exam 1 W12 Problem 3B,https://docs.google.com/document/d/1He1Pw63pTdXVD_6KOJCMT4T4vUVh241uYCoaQG5atrA/pub,2,2
1,Stats 250 Exam 1 W12 Problem 4A,https://docs.google.com/document/d/1twM3UbO1ApP5G25owa0rW7QEnYacaJEUOGf0s5Wn2YQ/pub,4,4
1,Stats 250 Exam 1 W12 Problem 4B,https://docs.google.com/document/d/1G9be-EDxGn9duPEq4cdtvFvmDChIeZGSb5fY3At_Qkk/pub,2,1
1,Stats 250 Exam 1 W12 Problem 4C,https://docs.google.com/document/d/1EMfvLV9nhWbQ2JHGzaTXLaOVY3hiFig7PB6VjIENAgo/pub,4,2
1,Stats 250 Exam 1 W12 Problem 5,https://docs.google.com/document/d/1uuDJro2pjRuZyC9C5racAN5_XLq6OA0EgAoiyiohAzA/pub,2,2
4,Stats 250 Exam 1 W12 Problem 6A,https://docs.google.com/document/d/1dSjuYhj8vzDre6EQa0SXKvE-ElQBjUoN9LBnWXtzRUc/pub,4,3
4,Stats 250 Exam 1 W12 Problem 6B,https://docs.google.com/document/d/1VHHfiEGd4MoJAnD_HeZl6c1vtVlt1Gty-k2tLAI9Kp0/pub,3,1
4,Stats 250 Exam 1 W12 Problem 6C,https://docs.google.com/document/d/1JLlFrhvFLtsRa8wuvNClBeedkM2iW1iCVNsb_eYX85k/pub,3,2
4,Stats 250 Exam 1 W12 Problem 6D,https://docs.google.com/document/d/17eGBicYlh2IC0cAbYrlDixdDqf3FJAqEOmhim81kHuo/pub,4,2
3,Stats 250 Exam 1 W12 Problem 7A,https://docs.google.com/document/d/1dKCoYPV0eoNo1hLEggdnPjw1Rxsu5JP7diWNZWBfQAs/pub,4,2
3,Stats 250 Exam 1 W12 Problem 7B,https://docs.google.com/document/d/1A2pQYa2yO06M98pB4eFBbUpd1hKHOFKDqwiLTlFFCDY/pub,4,1
3,Stats 250 Exam 1 W12 Problem 7C,https://docs.google.com/document/d/14O647bmb0oChEBnIJNq9Y9tDRUAsdbdaSSfWlJTaL0g/pub,4,1
4,Stats 250 Exam 1 W12 Problem 8A,https://docs.google.com/document/d/1oM4v5Mb_zAI1LHEoamNFgA1PPOL-76Aicuf7LFq6tsQ/pub,4,2
4,Stats 250 Exam 1 W12 Problem 8B,https://docs.google.com/document/d/1TQAp71iFiwlFmvnzPrEzegQfhbqUBUfr02PjrKksztA/pub,4,2
4,Stats 250 Exam 1 W12 Problem 8C,https://docs.google.com/document/d/13BdkPJmJyvlNgugt37VIlrpnipn9HKphMlaNIKBvWas/pub,4,2
5,Stats 250 Exam 1 W12 Problem 9B,https://docs.google.com/document/d/1o9X-utR2HdGHXk-2F7lUFGwYyJgVzWxC_gTFbjunpTA/pub,4,1
5,Stats 250 Exam 1 W12 Problem 10A,https://docs.google.com/document/d/1ya6hGmehdyQYMc6BgRr2wC2Zr9WwxgaxiEHrniZtd8w/pub,4,2
5,Stats 250 Exam 1 W12 Problem 10B,https://docs.google.com/document/d/1NUYD4_UcgUIUYiuy5iFRjuq2-IBzppQTnuyygkdUl8I/pub,4,3
5,Stats 250 Exam 1 W12 Problem 10C,https://docs.google.com/document/d/1IQJkYYxEw4OJyfoWystluVigU_Tt9EN0iTkg7BuqYE0/pub,4,2
5,Stats 250 Exam 1 W12 Problem 10D,https://docs.google.com/document/d/1yHShLliC5z5nP7FsG-_cNAUhYCz1T2K7Oq3ascS-vls/pub,4,3
5,Stats 250 Exam 1 W12 Problem 11A,https://docs.google.com/document/d/1SISDeJUEit6530XiobhOyj-N3rpFrbROh6ad5zm5UT0/pub,4,2
5,Stats 250 Exam 1 W12 Problem 11B,https://docs.google.com/document/d/1QpeAaSRU4CulapP9Bg5aZBO9ChkTyx5NtGqLE0qWavY/pub,4,4
5,Stats 250 Exam 1 W12 Problem 11C,https://docs.google.com/document/d/19f14ntW-8QZSJy9b2eGZzyk0FOVXrugDxMakU7L2qz4/pub,4,2
5,Stats 250 Exam 1 W12 Problem 11D,https://docs.google.com/document/d/13ANJp6vuaTMwzSCsmuex-xLswkScCHKrJHS0wLEVvKg/pub,4,1
5,Stats 250 Exam 1 W12 Problem 11E,https://docs.google.com/document/d/1SI5vDUGagxikzxKgU9XPtsHCsZguEgQ25HCVBIlVKI8/pub,2,2
2,Stats 250 Exam 1 W12 Problem 11F,https://docs.google.com/document/d/1DWOBuc-4xCpU3MSlkmxC-fI08Uv_DG69ECwDRvo2ykE/pub,3,2
8,Stats 250 Exam 2 W12 Problem 1A,https://docs.google.com/document/d/1fNtaC_KwB1DNHKQ4laT9cYuD7twAgt5hOwz-xvdzi5M/pub,4,3
8,Stats 250 Exam 2 W12 Problem 1B,https://docs.google.com/document/d/1YieL60SBVvqXuv6HZyn04hEtcN_i_xdEkL6SEG4cU_o/pub,4,4
8,Stats 250 Exam 2 W12 Problem 1C,https://docs.google.com/document/d/1-7PN_Mls1FIoYd4D9KqBi-r4VtgwjeqXZWQUl-GxTKA/pub,4,1
8,Stats 250 Exam 2 W12 Problem 1D,https://docs.google.com/document/d/1UIcdgPbJtDwHZRYbQjWhaHVt05qcWVrwCd68nLNKpcE/pub,4,3
8,Stats 250 Exam 2 W12 Problem 1E,https://docs.google.com/document/d/1SEdbjPrtAMZShGvs2x4dwRpJo5iEzjNirPt-ZrsSbOU/pub,3,1
9,Stats 250 Exam 2 W12 Problem 2A,https://docs.google.com/document/d/1WQgYgNydGEp8XyKMBTC4hkRVxlRQHAVeRSopIW_xN2Y/pub,4,3
9,Stats 250 Exam 2 W12 Problem 2B,https://docs.google.com/document/d/19_G5hVVzuV8Awy_-WVbjMZWuRe9eEqhq8sQUasvOKPg/pub,4,4
9,Stats 250 Exam 2 W12 Problem 2C,https://docs.google.com/document/d/1H8IlEjuiarolluXdRH9XLDB8daoBMF3qsRVOPQpHCVs/pub,4,2
9,Stats 250 Exam 2 W12 Problem 2D,https://docs.google.com/document/d/1wLLINWzvhuPpmBQwp8x8KZEqLyssGs_NNkt8t4NzImU/pub,4,2
4,Stats 250 Exam 2 W12 Problem 3A,https://docs.google.com/document/d/1cQmi9FfYE8y-f1MH9E_0fFq5AERru6mUORgt9sPn230/pub,4,3
4,Stats 250 Exam 2 W12 Problem 3B,https://docs.google.com/document/d/1zGfug-FqrmMAMzNhFQhpKcYKvD5sDDR2D7YJ3s-xLCs/pub,4,1
4,Stats 250 Exam 2 W12 Problem 3C,https://docs.google.com/document/d/1XSz5A_t6Xn0xv7FFScfNr2uBkRnWQMOs6yClxvsL38w/pub,3,3
4,Stats 250 Exam 2 W12 Problem 3D,https://docs.google.com/document/d/1xiZ565svWKHYN2vRJlmPXOBrd46ryg_ib1H0Jdzwb9Q/pub,3,1
5,Stats 250 Exam 2 W12 Problem 4,https://docs.google.com/document/d/1iMrEadtFrdSwg44buPcItFZbcV58KVs2ngjwvko9qfc/pub,3,3
7,Stats 250 Exam 2 W12 Problem 5A,https://docs.google.com/document/d/1kta0lrRva6dI2HH5xHnebJj_RY8vCOjRO8yvjfBz-Zo/pub,4,2
7,Stats 250 Exam 2 W12 Problem 5B,https://docs.google.com/document/d/1hBPUnqrq48_SIQut8v4cRjCoBr37SK2Y38pp2jhq-wA/pub,4,3
7,Stats 250 Exam 2 W12 Problem 5C,https://docs.google.com/document/d/1-sQW7b2Uko1jnZVxHOoNkBDPS0gytYYY_A1wgGatg2A/pub,4,1
7,Stats 250 Exam 2 W12 Problem 5D,https://docs.google.com/document/d/1GK2M6gu-qFJXyxBzPaF7ZRXj25yOSIT3WoLmZGfiILg/pub,2,2
5,Stats 250 Exam 2 W12 Problem 6A,https://docs.google.com/document/d/1yy-xpj1jlaPKPgokzt4m5X6ojVjhsj7sUbgbNUUJDzE/pub,4,3
5,Stats 250 Exam 2 W12 Problem 6B,https://docs.google.com/document/d/1Jt3EaE9zhkr0Wbh-gVMHUt1hoF2ZszXWQmK58ssf1co/pub,4,2
5,Stats 250 Exam 2 W12 Problem 6C,https://docs.google.com/document/d/1rk7nGigNxwW5QuUncYtDFGdwqNMhEKLoPgpKASuzSJk/pub,5,4
5,Stats 250 Exam 2 W12 Problem 6D,https://docs.google.com/document/d/1BlCN-Y59WzuF6j7eNpVlKvwlqEYjiKisWdfu980NdEc/pub,3,1
5,Stats 250 Exam 2 W12 Problem 6E,https://docs.google.com/document/d/1390JSKM4YGtNkY8kECIkysaVS9vTJBH5BFllw-nq-oA/pub,4,4
2,Stats 250 Exam 2 W12 Problem 6F,https://docs.google.com/document/d/1MxmNZ2yfFIA8PG8aVeSQtmd21Sakth3rt-Eyq8R8OcM/pub,3,2
5,Stats 250 Exam 2 W12 Problem 7,https://docs.google.com/document/d/12naBi0MlfffuC3qQK0oANvaJRG2crCrzdiDuKtMrQRg/pub,5,5
6,Stats 250 Exam 2 W12 Problem 8A,https://docs.google.com/document/d/1X5oHbb1nywdRMuAZB8JX6rmNZL7tjFLLWCrph5dsiX8/pub,4,1
6,Stats 250 Exam 2 W12 Problem 8B,https://docs.google.com/document/d/19VoyJNS67JDXc0Bi44O2q3rY092z_DHQe1NMiHD0-xo/pub,4,2
6,Stats 250 Exam 2 W12 Problem 8C,https://docs.google.com/document/d/1-UFRy3kb-kLEh2d6fCAUOivUEU384AU0pS0y_V5UopE/pub,4,2
6,Stats 250 Exam 2 W12 Problem 8D,https://docs.google.com/document/d/1sGfmyrpPFqqAokzhXh7dKT_bQGhWil_mcPJCGD0pCmE/pub,4,3
5,Stats 250 Exam 2 W12 Problem 9A,https://docs.google.com/document/d/1giDReBfCgyP9DBfr0hx27PMhV3y0MLIu3gYNsCBiJCg/pub,6,2
5,Stas 250 Exam 2 W12 Problem 9B,https://docs.google.com/document/d/1Kw-TpWSCyN5mnL0wREd888KMkmkC5Scw5CWHz5A6dC0/pub,6,5
5,Stats 250 Exam 2 W12 Problem 9C,https://docs.google.com/document/d/1lcD-Y24GyURhp76o80HjlmJ7MtP1n2ZEHzYkGrs5caM/pub,4,2
12,Stats 250 Final Exam W12 Problem 1A,https://docs.google.com/document/d/1kvCkE3OEY2R-SPTEVHeRtGxLVIqto_CZYTJwCkz4Px4/pub,3,2
12,Stats 250 Final Exam W12 Problem 1B,https://docs.google.com/document/d/1LypCelt1Y0k6PTjrp_tWq8V0Q7Xhw4YMkvegDOPO9sU/pub,3,2
12,Stats 250 Final Exam W12 Problem 1C,https://docs.google.com/document/d/11jMWyuNFS3ajlCWF2zUDYk4ScVEMmAaGbaASnsxFwEw/pub,3,2
12,Stats 250 Final Exam W12 Problem 1D,https://docs.google.com/document/d/11xjgi518Ai8NID8jRgWUzk6f0QkthwD7FS2_xSAZQTU/pub,4,1
12,Stats 250 Final Exam W12 Problem 1E,https://docs.google.com/document/d/1OF8zT-HvmyuWgVisMen8KuTkHVUxL_iKChaysmW7j7I/pub,2,1
3,Stats 250 Final Exam W12 Problem 2A,https://docs.google.com/document/d/1Hh1m80oCgytbjmjMwJ3pZT_bOb_OsFfxuI8_V23EryE/pub,4,1
3,Stats 250 Final Exam W12 Problem 2B,https://docs.google.com/document/d/1N1xZq3iMqXbNxqtOOD2biU_811FkoVOyyI7T9ByFc-w/pub,4,2
3,Stats 250 Final Exam W12 Problem 2C,https://docs.google.com/document/d/1gbG3DX_Z69Eo3OUntZcOLD_b7_7Q3C96pwjsvqPBR1A/pub,4,1
4,Stats 250 Final Exam W12 Problem 3B,https://docs.google.com/document/d/1qUP7lg0Izwi68I1Jaq7aDfI4BrPSMdZyZlPkFGpVBEI/pub,4,2
4,Stats 250 Final Exam W12 Problem 3C,https://docs.google.com/document/d/1LalnTtJ-03BSnke7ZA22EQERgpKh5SU9CPtQSN8xg-I/pub,4,4
5,Stats 250 Final Exam W12 Problem 4A,https://docs.google.com/document/d/1tkcQyucBgDKPvslRIbRc2CAjdhi7e23e_zpwg3fcbS4/pub,2,1
5,Stats 250 Final Exam W12 Problem 4B,https://docs.google.com/document/d/1w8ROPtMGEyXhUI1I66h8qUt5rOx1c1asrwM8noJGku4/pub,2,2
5,Stats 250 Final Exam W12 Problem 4C,https://docs.google.com/document/d/1F0VRrQqlukCZtSHrCsxFKs6agbzUm6G2tyvuAENc3IU/pub,3,2
5,Stats 250 Final Exam W12 Problem 4D,https://docs.google.com/document/d/1lgXV9HGP0u1_N_3XW6p4rc3RFGNGlrgEzlnAX3U900w/pub,4,4
7,Stats 250 Final Exam W12 Problem 5,https://docs.google.com/document/d/1_LjqbPcn5k6KTNJTxtLf1_VocauOxideldPDbt7vWZQ/pub,4,3
11,Stats 250 Final Exam W12 Problem 6A,https://docs.google.com/document/d/1KR3AxQZ1Nk1jlIXhgIsZsrpG4VoX9l0pHklZB_saAEM/pub,3,1
11,Stats 250 Final Exam W12 Problem 6B,https://docs.google.com/document/d/1DqG08pYe0gIUTsrahy96dD4QFsb7FgnpJjxLFPjh7o4/pub,4,3
11,Stats 250 Final Exam W12 Problem 6C,https://docs.google.com/document/d/16P7mnCEJb-bNdu0SYrnUVsLIB8nfLWnrfZ0g8TRZY5o/pub,4,2
11,Stats 250 Final Exam W12 Problem 6D,https://docs.google.com/document/d/1PR-plVMT8My92qZTpc7PIk7Z8QDy4qEcD25JRLjpqV0/pub,4,3
11,Stats 250 Final Exam W12 Problem 6E,https://docs.google.com/document/d/1k78p1UFpwvQUwcTp-D8BFrQgWqzGyRc3fY6Rz7VCEAA/pub,4,4
11,Stats 250 Final Exam W12 Problem 6F,https://docs.google.com/document/d/1mJYEtcRWLRaMeHOo4ceFwZlJCjiL1Sj_lCxfVTmnrLA/pub,4,1
11,Stats 250 Final Exam W12 Problem 6G,https://docs.google.com/document/d/1YriEyPJGhSZrURe4wSa3Svegzk1LcMbJZAWdSJktgMA/pub,4,4
11,Stats 250 Final Exam W12 Problem 6H,https://docs.google.com/document/d/1BbodrxWWhpgZo3FvMYuAWMAhdgrK7nKMZ_y_qNKG6z4/pub,3,2
11,Stats 250 Final Exam W12 Problem 6I,https://docs.google.com/document/d/11QMCH-eLtOfjmjq1wqJ2MTWTI4b3DZQRXBsuVCS8_qA/pub,4,2
2,Stats 250 Final Exam W12 Problem 6J,https://docs.google.com/document/d/18EblEnTYK3k9JxnT2LhM9OWc7H8yxgNf73TrBVAokpg/pub,3,2
12,Stats 250 Final Exam W12 Problem 7A,https://docs.google.com/document/d/1yYN060of4UXQsbE7-KGnw6W8zpnnKFOc0iW8zoxWhZU/pub,3,3
12,Stats 250 Final Exam W12 Problem 7B,https://docs.google.com/document/d/1Q-xusHPtP-UNFyLqdvkZDCeUUZzzAbUINa1KJpyKTrU/pub,4,3
12,Stats 250 Final Exam W12 Problem 7C,https://docs.google.com/document/d/13ty7WQ-rxbG_san496t0fle9A4k-90T-GvTxpFm8ekQ/pub,4,2
12,Stats 250 Final Exam W12 Problem 7D,https://docs.google.com/document/d/1rm_4YTuTkKSjlBGn_nEzPD-AFODF3DsoE9xuc1mqBRU/pub,4,1
8,Stats 250 Final Exam W12 Problem 9A,https://docs.google.com/document/d/1ZJd0fUZCjhYhEOUo_yRNzphwnYC8bvhr0H-io0dCfk0/pub,2,1
8,Stats 250 Final Exam W12 Problem 9B,https://docs.google.com/document/d/1TSrSqnmv6dryXPwnKgdlsi-EGiG_1FaCmjDzIWFKPv4/pub,3,2
8,Stats 250 Final Exam W12 Problem 9C,https://docs.google.com/document/d/1RR2kE3yL_ooAp6sNO11e0lrkF4cMSGQtd6Cc8y_JYVg/pub,2,1
8,Stats 250 Final Exam W12 Problem 9D,https://docs.google.com/document/d/1kjFysstejZRa4gupoJQs_-RQYN49hHsZm-ILH6Dd1Yk/pub,4,2
8,Stats 250 Final Exam W12 Problem 9E,https://docs.google.com/document/d/1xGll9Al8hNgjLX_9kpWmjdLOT2YgbgEhKp6JLGKFha8/pub,4,2
5,Stats 250 Final Exam W12 Problem 10A,https://docs.google.com/document/d/1_KcwHo_Zg7SnvIpOv9wWwa4bScDlydJGUSqHYZ8wQnI/pub,2,1
5,Stats 250 Final Exam W12 Problem 10B,https://docs.google.com/document/d/12XPPaVes56tH7AK-xWi_o39090S24NYsXnqqRSKuHjk/pub,2,2
10,Stats 250 Final Exam W12 Problem 11A,https://docs.google.com/document/d/1PqU6KwWLxlIRM_SXyD-yG2mmXz85vKINE6rzJCCLtqU/pub,2,2
10,Stats 250 Final Exam W12 Problem 11B,https://docs.google.com/document/d/1zFR117BbscUcgmlhG_xr8hSIsMjH-hrew6_-6mGswM8/pub,4,2
10,Stats 250 Final Exam W12 Problem 11C,https://docs.google.com/document/d/1mn7A9lnLIGLwSh-7Ikqac2bwH-pm6JrNFIM56w6p0mE/pub,4,2
10,Stats 250 Final Exam W12 Problem 11D,https://docs.google.com/document/d/1lgP2FIFLgmld9YltC4ZXYij2uayehkIRVUx4mxUll1g/pub,3,1
10,Stats 250 Final Exam W12 Problem 11E,https://docs.google.com/document/d/1-xoO-RzZG8QGm6aZBY_nHj8DGgXrBUibG_kOe8hlkWM/pub,3,2
10,Stats 250 Final Exam W12 Problem 11F,https://docs.google.com/document/d/10_RhPMhxmONsMbgi8sKSNMnx_lVefViJNw6iuozT0k8/pub,2,1
5,Stats 250 Final Exam W12 Problem 12A,https://docs.google.com/document/d/1yKEcamwcXSsppOynExx84m5A4Vk70Q-3Qp6p6cvdLd4/pub,4,2
5,Stats 250 Final Exam W12 Problem 12B,https://docs.google.com/document/d/1pvsXp6py4Nlp5RuN7q1Z1FG3nStwwigx-riFJLBWKmQ/pub,4,2
